frame,cpu_ms,render_submit_ms,fixed_steps,wall_ms
0,86.5927,39.8039,1,0
1,2.25543,0.801886,1,2.372
2,4.96806,2.72956,1,5.05939
3,2.44922,0.737962,1,2.56708
4,2.86473,1.31911,1,2.97177
5,2.44807,0.7847,1,2.54569
6,8.21861,0.851386,1,8.31226
7,6.90392,0.824847,1,7.0355
8,2.11949,0.76879,1,2.22812
9,2.02169,0.709894,1,2.09582
10,2.18012,0.965838,1,2.25271
11,1.89948,0.694725,1,1.96277
12,1.93229,0.666928,1,1.99718
13,1.86756,0.690541,1,1.93604
14,1.98419,0.696832,1,2.05593
15,1.90007,0.670587,1,1.97878
16,1.99642,0.81684,1,2.0601
17,2.34966,0.804498,1,2.45334
18,2.02231,0.719534,1,2.11003
19,1.94811,0.716104,1,2.02217
20,1.89162,0.654895,1,1.97187
21,2.20378,0.80827,1,2.26527
22,2.1637,0.806157,1,2.24922
23,1.99388,0.687162,1,2.10439
24,1.99211,0.735617,1,2.06458
25,2.19787,0.816376,1,2.27923
26,2.19894,0.750741,1,2.28451
27,2.03455,0.770795,1,2.116
28,1.92867,0.667928,1,2.0091
29,2.10693,0.757366,1,2.18277
30,2.28516,0.945725,1,2.35751
31,2.51747,0.781374,1,2.67765
32,2.01034,0.719598,1,2.10497
33,1.98541,0.706576,1,2.09598
34,2.25031,0.799323,1,2.31362
35,2.05959,0.718193,1,2.12592
36,2.39625,0.788569,1,55.3918
37,1.98973,0.647725,1,2.06119
38,3.07268,1.02637,1,3.13451
39,2.32134,0.735489,1,2.44528
40,4.75376,1.4993,1,4.83409
41,3.36894,0.813362,1,3.46974
42,2.40643,0.797959,1,2.50575
43,2.22435,0.773186,1,2.30901
44,2.44605,0.941193,1,2.53185
45,2.42149,0.855335,1,2.55205
46,2.16351,0.756471,1,2.28003
47,2.13829,0.730591,1,2.21906
48,2.41698,0.960752,1,2.51469
49,2.86888,0.998881,1,3.01472
50,2.3009,0.794514,1,2.45196
51,2.15818,0.736763,1,2.23975
52,2.1334,0.880539,1,2.20552
53,2.03847,0.673628,1,2.10562
54,2.01898,0.674822,1,2.11483
55,2.37644,0.762974,1,2.46937
56,2.17527,0.662479,1,2.27765
57,2.0817,0.705657,1,2.14867
58,2.02352,0.667569,1,2.12324
59,2.10155,0.741228,1,2.17674
60,2.17391,0.715392,1,2.2638
61,2.62403,0.74493,1,2.70316
62,2.27977,0.806434,1,2.37744
63,3.74524,1.23864,1,59.8353
64,2.49437,0.827704,1,2.62481
65,2.48464,0.842976,1,2.61916
66,2.92983,0.848355,1,3.01697
67,2.60738,0.889376,1,2.7293
68,3.1294,0.938189,1,3.23021
69,2.80521,1.09362,1,2.91045
70,3.95377,1.46147,1,4.10856
71,3.92298,1.42932,1,4.09133
72,4.05925,1.53615,1,4.22079
73,2.54032,0.864716,1,2.72942
74,2.57273,0.919825,1,2.67608
75,2.75284,0.979307,1,2.89429
76,2.59236,0.948295,1,2.7003
77,2.4862,0.954927,1,2.58925
78,2.2629,0.775692,1,2.35613
79,2.62116,1.02693,1,2.73309
80,4.17474,1.62621,1,4.31322
81,3.30409,1.00761,1,3.48079
82,2.38074,0.739652,1,2.48612
83,2.24601,0.808931,1,2.37588
84,3.13471,1.28008,1,3.22443
85,3.25113,0.779834,0,3.3581
86,1.25296,0.810559,0,1.35293
87,1.60617,0.914656,0,60.0755
88,1.25932,0.809195,0,1.38409
89,1.12929,0.708587,0,1.23305
90,1.1169,0.703248,0,1.21927
91,1.14701,0.796315,0,1.22954
92,1.17543,0.831294,0,1.24845
93,1.06113,0.725861,0,1.126
94,1.26117,0.863901,0,1.32422
95,1.1334,0.76102,0,1.21283
96,1.30424,0.923334,0,1.38275
97,1.13983,0.732056,0,1.23041
98,1.27414,0.897073,0,1.3694
99,1.20779,0.772804,0,1.30414
100,1.19147,0.801161,0,1.28518
101,1.17377,0.764414,0,1.2525
102,1.11987,0.761189,0,1.19675
103,1.19774,0.782726,0,1.28388
104,1.60125,1.12652,0,1.7003
105,1.21409,0.789815,0,1.31669
106,2.49695,0.896032,1,2.58253
107,2.43663,0.922444,1,2.52772
108,2.25188,0.746297,1,2.33854
109,2.30796,0.843104,1,2.39786
110,2.25532,0.786006,1,2.3418
111,2.30993,0.789921,1,2.38894
112,2.65245,0.853829,1,2.7381
113,2.25216,0.80241,1,2.35434
114,2.54902,0.916948,1,2.64428
115,2.86336,0.995881,1,2.99409
116,3.10858,1.29492,1,3.237
117,2.76074,0.866483,1,2.87504
118,2.33123,0.83309,1,2.44083
119,2.53185,0.85071,1,2.61902
120,2.60919,0.862742,1,2.7104
121,2.41741,0.8597,1,2.52214
122,2.50326,0.910591,1,2.6025
123,2.8959,1.05357,1,3.02839
124,2.34602,0.811223,1,2.45259
125,2.20661,0.755233,1,2.29113
126,2.27055,0.795533,1,2.35513
127,3.48639,1.75831,1,3.57461
128,2.86291,0.854302,1,2.97927
129,2.45294,0.884084,1,2.54716
130,2.55235,0.93672,1,2.64431
131,2.60024,0.92627,1,2.69538
132,2.39732,0.876114,1,2.49443
133,2.45245,0.855268,1,2.54273
134,2.36571,0.71718,1,2.45016
135,2.22584,0.771936,1,2.33608
136,2.56814,0.879093,1,2.67908
137,2.6285,0.931004,1,2.7335
138,2.50451,0.831889,1,2.60269
139,2.56895,0.818365,1,2.68226
140,2.61955,0.901308,1,2.76091
141,11.121,0.928453,1,80.8217
142,3.21625,1.01103,1,3.32626
143,2.52197,0.809568,1,2.64673
144,2.39929,0.78486,1,2.50223
145,2.37664,0.800179,1,2.48278
146,2.56231,0.899413,1,2.65165
147,2.67754,0.807196,1,2.78873
148,2.52052,0.825779,1,2.62728
149,2.59146,0.891517,1,2.70435
150,2.91733,0.86438,1,3.10784
151,2.84219,0.825111,1,2.94373
152,2.43376,0.851083,1,2.53262
153,2.69592,0.950173,1,2.83594
154,2.64546,0.809092,1,2.74994
155,2.43457,0.798366,1,2.5334
156,2.44342,0.789688,1,2.55263
