frame,wall_ms,fixed_ms,steps,integration_ms,bodies,active,pending,live_estimate,retained_estimate,resource_bytes,rss_kb
0,22.2289,0.297439,1,0,2,0,0,0,0,107559,262648
1,1.19412,0.199979,1,0.189122,2,0,1,0,0,133231,262648
2,1.70624,0.17784,1,0.020517,2,0,1,0,0,180932,262656
3,6.60026,0.736595,1,0.022184,2,0,1,0,0,233201,262656
4,2.96654,0.195148,1,0.029977,2,0,1,0,0,992921,264704
5,0.907492,0.191953,1,0.026249,2,0,1,0,0,992921,264704
6,0.851953,0.166266,1,0.016816,2,0,1,0,0,992921,264704
7,0.791284,0.15768,1,0.016667,2,0,1,0,0,992921,264704
8,0.711337,0.156686,1,0.027488,2,0,1,0,0,992921,264704
9,2.0042,0.169425,1,0.016611,2,0,1,0,0,992921,264704
10,2.71379,0.169727,1,0.018077,2,0,1,0,0,992921,266752
11,0.933528,0.186907,1,0.023726,2,0,1,0,0,992921,266752
12,1.07736,0.167337,1,0.023163,2,0,1,0,0,992921,266752
13,1.08435,0.169154,1,0.01891,2,0,1,0,0,992921,266736
14,1.10139,0.20348,1,0.026764,2,0,1,0,0,992921,266736
15,1.12598,0.308112,1,0.026297,2,0,1,0,0,992921,266736
16,0.857094,0.207995,1,0.017397,2,0,1,0,0,992921,266736
17,0.951609,0.192031,1,0.017126,2,0,1,0,0,992921,266736
18,0.829772,0.18221,1,0.020445,2,0,1,0,0,992921,266736
19,0.856058,0.162386,1,0.02228,2,0,1,0,0,992921,266736
20,0.755564,0.160958,1,0.021273,2,0,1,0,0,992921,266736
21,0.758767,0.160389,1,0.029045,2,0,1,0,0,992921,266736
22,0.762426,0.176821,1,0.019791,2,0,1,0,0,992921,266736
23,0.92,0.169537,1,0.020349,2,0,1,0,0,992921,266736
24,0.766596,0.158567,1,0.017096,2,0,1,0,0,992921,266736
25,0.788434,0.165186,1,0.016539,2,0,1,0,0,992921,266736
26,0.902941,0.190854,1,0.040141,2,0,1,0,0,992921,266736
27,0.780334,0.16831,1,0.016714,2,0,1,0,0,992921,266736
28,0.785004,0.18172,1,0.01816,2,0,1,0,0,992921,266736
29,0.861435,0.161463,1,0.021754,2,0,1,0,0,992921,266736
30,0.796879,0.168816,1,0.020153,2,0,1,0,0,992921,266736
31,0.791255,0.169628,1,0.019423,2,0,1,0,0,992921,266736
32,0.755072,0.161035,1,0.022227,2,0,1,0,0,992921,266736
33,0.753041,0.16025,1,0.018867,2,0,1,0,0,992921,266736
34,0.762423,0.162348,1,0.020734,2,0,1,0,0,992921,266736
35,0.740771,0.16002,1,0.02098,2,0,1,0,0,992921,266736
36,0.787801,0.161501,1,0.019841,2,0,1,0,0,992921,266736
37,1.02341,0.169179,1,0.0217,2,0,1,0,0,992921,266736
38,0.958491,0.228482,1,0.02116,2,0,1,0,0,992921,266736
39,0.868031,0.174345,1,0.020268,2,0,1,0,0,992921,266736
40,0.792318,0.161865,1,0.017163,2,0,1,0,0,992921,266736
41,0.78375,0.16034,1,0.017322,2,0,1,0,0,992921,266736
42,0.886279,0.170012,1,0.017354,2,0,1,0,0,992921,266736
43,0.834896,0.175587,1,0.017879,2,0,1,0,0,992921,266736
44,0.750366,0.161849,1,0.017188,2,0,1,0,0,992921,266736
45,0.751,0.159224,1,0.018469,2,0,1,0,0,992921,266736
46,0.76462,0.161022,1,0.018572,2,0,1,0,0,992921,266736
47,0.780759,0.161335,1,0.020298,2,0,1,0,0,992921,266736
48,0.757399,0.161891,1,0.018482,2,0,1,0,0,992921,266736
49,1.04543,0.204812,1,0.022842,2,0,1,0,0,992921,266736
50,0.846183,0.166624,1,0.017242,2,0,1,0,0,992921,266736
51,1.07793,0.201582,1,0.016699,2,0,1,0,0,992921,266736
52,0.992354,0.207472,1,0.03283,2,0,1,0,0,992921,266736
53,0.812355,0.165297,1,0.017645,2,0,1,0,0,992921,266736
54,1.02116,0.185039,1,0.016846,2,0,1,0,0,992921,266736
55,0.816461,0.159942,1,0.02612,2,0,1,359724,0,992921,266736
56,0.693914,0.151499,1,0.023887,2,0,1,359724,0,992921,266736
57,0.757527,0.152942,1,0.085051,2,0,1,359724,0,992921,266736
58,0.757064,0.171789,1,0.051582,2,0,1,359724,0,992921,266736
59,2.13571,0.152988,1,0.032737,2,0,1,359724,0,992921,266740
60,1.61189,0.469639,1,0.051383,2,0,1,359724,0,992921,266740
61,2.49199,0.31458,1,0.243527,8,0,1,359724,0,1082462,267540
62,1.81153,0.337764,1,0.213917,10,0,1,359724,0,1105747,267540
63,2.96311,0.411227,1,0.645553,12,1,0,359724,0,1539795,267540
64,2.17534,0.487474,1,0.051038,12,1,0,359724,18090,1540695,267540
65,1.29993,0.393242,1,0.121642,12,1,0,359724,18090,1540711,267540
66,1.1983,0.370993,1,0.047368,12,1,0,359724,18090,1540711,267540
67,1.16544,0.409362,1,0.041982,12,1,0,359724,18090,1540711,267540
68,1.10362,0.356781,1,0.042592,12,1,0,359724,18090,1540711,267540
69,2.18682,0.370876,1,0.041009,12,1,0,359724,18090,1540711,267540
70,1.23793,0.409625,1,0.047233,12,1,0,359724,18090,1540711,267540
71,1.3256,0.362449,1,0.046417,12,1,0,359724,18090,1540711,267540
72,1.14334,0.361816,1,0.043544,12,1,0,359724,18090,1540711,267540
73,1.31645,0.432383,1,0.041657,12,1,0,359724,18090,1540711,267540
74,1.30439,0.394161,1,0.044461,12,1,0,359724,18090,1540711,267540
75,1.27533,0.390135,1,0.069634,12,1,0,359724,18090,1540711,267540
76,1.16101,0.363631,1,0.050119,12,1,0,359724,18090,1540711,267540
77,1.25364,0.483248,1,0.044087,12,1,0,359724,18090,1540711,267540
78,1.19136,0.401245,1,0.042743,12,1,0,359724,18090,1540711,267540
79,3.13456,0.411972,1,0.046647,12,1,0,359724,18090,1540711,267540
80,2.03096,0.577368,1,0.180351,12,1,0,359724,18090,1540711,267540
81,1.39231,0.428971,1,0.07175,12,1,0,359724,18090,1540711,267540
82,1.19646,0.392005,1,0.047294,12,1,0,359724,18090,1540711,267540
83,1.25087,0.446406,1,0.041416,12,1,0,359724,18090,1540711,267540
84,1.25133,0.410491,1,0.046016,12,1,0,359724,18090,1540711,267540
85,1.28408,0.44355,1,0.042381,12,1,0,359724,18090,1540711,267540
86,1.21865,0.429454,1,0.043228,12,1,0,359724,18090,1540711,267540
87,1.16927,0.392206,1,0.040959,12,1,0,359724,18090,1540711,267540
88,1.31101,0.381648,1,0.055111,12,1,0,359724,18090,1540711,267540
89,1.30058,0.39756,1,0.044645,12,1,0,359724,18090,1540711,267540
90,1.16777,0.389033,1,0.044505,12,1,0,359724,18090,1540711,267540
91,1.8104,0.62398,1,0.041329,12,1,0,359724,18090,1540711,267540
92,1.86087,0.675182,1,0.06667,12,1,0,359724,18090,1540711,267540
93,1.30477,0.436506,1,0.049717,12,1,0,359724,18090,1540711,267540
94,1.13671,0.383003,1,0.0422,12,1,0,359724,18090,1540711,267540
95,1.22874,0.344675,1,0.040889,12,1,0,359724,18090,1540711,267540
96,1.17147,0.358622,1,0.04219,12,1,0,359724,18090,1540711,267540
97,1.1426,0.357958,1,0.041707,12,1,0,359724,18090,1540711,267540
98,1.10587,0.339096,1,0.040948,12,1,0,359724,18090,1540711,267540
99,1.2175,0.338281,1,0.041578,12,1,0,359724,18090,1540711,267540
100,1.25788,0.388071,1,0.045131,12,1,0,359724,18090,1540711,267540
101,1.38914,0.444058,1,0.04761,12,1,0,359724,18090,1540711,267540
102,1.24344,0.405538,1,0.049235,12,1,0,359724,18090,1540711,267540
103,1.52761,0.432063,1,0.041558,12,1,0,359724,18090,1540711,267540
104,1.30766,0.35721,1,0.047437,12,1,0,359724,18090,1540711,267540
105,1.13318,0.352559,1,0.042182,12,1,0,359724,18090,1540711,267540
106,1.12884,0.356223,1,0.041891,12,1,0,359724,18090,1540711,267540
107,1.18357,0.357692,1,0.039957,12,1,0,359724,18090,1540711,267540
108,1.23168,0.383432,1,0.042704,12,1,0,359724,18090,1540711,267540
109,1.24158,0.338566,1,0.045765,12,1,0,359724,18090,1540711,267540
110,1.16439,0.344013,1,0.040353,12,1,0,359724,18090,1540711,267540
111,1.15545,0.338699,1,0.039882,12,1,0,359724,18090,1540711,267540
112,1.29061,0.391161,1,0.048099,12,1,0,359724,18090,1540711,267540
113,1.22087,0.337691,1,0.056461,12,1,0,359724,18090,1540711,267540
114,1.12641,0.336857,1,0.054494,12,1,0,359724,18090,1540711,267540
115,1.09937,0.33295,1,0.041011,12,1,0,359724,18090,1540711,267540
116,1.17718,0.359823,1,0.039394,12,1,0,359724,18090,1540711,267540
117,1.36224,0.41945,1,0.045401,12,1,0,359724,18090,1540711,267540
118,1.2543,0.365538,1,0.053102,12,1,0,359724,18090,1540711,267540
119,1.19404,0.338265,1,0.042455,12,1,0,359724,18090,1540711,267540
120,1.34653,0.379234,1,0.062826,12,1,0,359724,18090,1540711,267540
121,1.32402,0.374578,1,0.045869,12,1,0,359724,18090,1540711,267540
122,1.11263,0.335145,1,0.040961,12,1,0,359724,18090,1540711,267540
123,1.14904,0.340012,1,0.048202,12,1,0,359724,18090,1540711,267540
124,1.22481,0.33528,1,0.042694,12,1,0,359724,18090,1540711,267540
125,1.28376,0.38734,1,0.042982,12,1,0,359724,18090,1540711,267540
126,1.27448,0.37074,1,0.044985,12,1,0,359724,18090,1540711,267540
127,1.40199,0.33032,1,0.046252,12,1,0,359724,18090,1540711,267540
128,1.25932,0.422426,1,0.043483,12,1,0,359724,18090,1540711,267540
129,1.17545,0.332071,1,0.040557,12,1,0,359724,18090,1540711,267540
130,1.23681,0.458134,1,0.040667,12,1,0,359724,18090,1540711,267540
131,1.0939,0.313263,1,0.05371,12,1,0,359724,18090,1540711,267540
132,1.15774,0.36432,1,0.040424,12,1,0,359724,18090,1540711,267540
133,1.24646,0.351052,1,0.042503,12,1,0,359724,18090,1540711,267540
134,1.17396,0.328195,1,0.04073,12,1,0,359724,18090,1540711,267540
135,1.08786,0.328658,1,0.039366,12,1,0,359724,18090,1540711,267540
136,1.16185,0.330197,1,0.039147,12,1,0,359724,18090,1540711,267540
137,1.12655,0.315643,1,0.041871,12,1,0,359724,18090,1540711,267540
138,1.08441,0.314077,1,0.039803,12,1,0,359724,18090,1540711,267540
139,1.32042,0.336243,1,0.040142,12,1,0,359724,18090,1540711,267540
140,1.1364,0.315842,1,0.04065,12,1,0,359724,18090,1540711,267540
141,1.08208,0.333187,1,0.043188,12,1,0,359724,18090,1540711,267540
142,1.15894,0.331761,1,0.039174,12,1,0,359724,18090,1540711,267540
143,1.08877,0.323973,1,0.040165,12,1,0,359724,18090,1540711,267540
144,1.09112,0.32047,1,0.038874,12,1,0,359724,18090,1540711,267540
145,1.16097,0.313508,1,0.03937,12,1,0,359724,18090,1540711,267540
146,1.09472,0.314907,1,0.040922,12,1,0,359724,18090,1540711,267540
147,1.11396,0.326098,1,0.039678,12,1,0,359724,18090,1540711,267540
148,1.22651,0.339126,1,0.04052,12,1,0,359724,18090,1540711,267540
149,2.23788,0.355013,1,0.066787,12,1,0,359724,18090,1540711,267540
150,1.22743,0.366351,1,0.057668,12,1,0,359724,18090,1540711,267540
151,1.1458,0.323719,1,0.04174,12,1,0,359724,18090,1540711,267540
152,1.10726,0.3162,1,0.041551,12,1,0,359724,18090,1540711,267540
153,1.23399,0.377174,1,0.049127,12,1,0,359724,18090,1540711,267540
154,1.1201,0.342009,1,0.043429,12,1,0,359724,18090,1540711,267540
155,1.08335,0.331583,1,0.041161,12,1,0,359724,18090,1540711,267540
156,1.08648,0.327264,1,0.041485,12,1,0,359724,18090,1540711,267540
157,1.34025,0.48094,1,0.041393,12,1,0,359724,18090,1540711,267540
158,1.29418,0.348078,1,0.048638,12,1,0,359724,18090,1540711,267540
159,1.64287,0.422509,1,0.069167,12,1,0,359724,18090,1540711,267540
160,1.43666,0.451962,1,0.063733,12,1,0,359724,18090,1540711,267540
161,1.66756,0.472093,1,0.059816,12,1,0,359724,18090,1540711,267540
162,1.30503,0.341691,1,0.125917,12,1,1,359724,18090,1540711,267552
163,1.23049,0.37139,1,0.066681,12,1,1,359724,18090,1540711,267552
164,1.38083,0.385457,1,0.045477,12,1,1,359724,18090,1541895,267552
165,1.3421,0.440392,1,0.052478,12,1,1,425382,18090,1541895,267552
166,1.2176,0.386499,1,0.065313,12,1,1,425382,18090,1541895,267552
167,1.3295,0.39079,1,0.150374,17,2,0,425382,18090,1541895,267552
168,1.42861,0.477389,1,0.055265,17,2,0,425382,18090,1541895,267552
169,2.36447,0.361448,1,0.054403,17,2,0,425382,18090,1541895,267552
170,1.28451,0.363394,1,0.059359,17,2,0,425382,18090,1541895,267552
171,2.24033,0.607295,1,0.05793,17,2,0,425382,18090,1541895,267552
172,2.04632,0.585949,1,0.107357,17,2,0,425382,18090,1541895,267552
173,1.83717,0.53268,1,0.095778,17,2,0,425382,18090,1541895,267552
174,1.83881,0.541412,1,0.071262,17,2,0,425382,18090,1541895,267552
175,1.73515,0.498061,1,0.07273,17,2,0,425382,18090,1541895,267552
176,1.83184,0.525732,1,0.070094,17,2,0,425382,18090,1541895,267552
177,2.19331,0.723999,1,0.086329,17,2,0,425382,18090,1541895,267552
178,2.2672,0.611771,1,0.113753,17,2,0,425382,18090,1541895,267552
179,2.74724,0.421554,1,0.088009,17,2,0,425382,18090,1541895,267552
180,1.39562,0.392526,1,0.06981,17,2,0,425382,18090,1541895,267552
181,1.403,0.451913,1,0.062223,17,2,0,425382,18090,1541895,267552
182,1.62781,0.477446,1,0.077749,17,2,0,425382,18090,1541895,267552
183,1.42389,0.388175,1,0.059763,17,2,0,425382,18090,1541895,267552
184,1.42888,0.400103,1,0.068495,17,2,0,425382,18090,1541895,267552
185,1.44796,0.394321,1,0.09081,17,2,0,425382,18090,1541895,267552
186,1.43833,0.38395,1,0.059556,17,2,0,425382,18090,1541895,267552
187,2.00994,0.658044,1,0.086414,17,2,0,425382,18090,1541895,267552
188,2.34614,0.719,1,0.131073,17,2,0,425382,18090,1541895,267552
189,3.95933,0.478374,1,0.227081,17,2,0,425382,18090,1541895,267552
190,2.50757,0.730288,1,0.14326,17,2,0,425382,18090,1541895,267552
191,2.54199,0.638297,1,0.088605,17,2,0,425382,18090,1541895,267552
192,2.46511,0.697288,1,0.09802,17,2,0,425382,18090,1541895,267552
193,2.22233,0.660815,1,0.09975,17,2,0,425382,18090,1541895,267552
194,2.0101,0.571732,1,0.087139,17,2,0,425382,18090,1541895,267552
195,1.86708,0.528376,1,0.079848,17,2,0,425382,18090,1541895,267552
196,1.80797,0.539831,1,0.116121,17,2,0,425382,18090,1541895,267552
197,1.54915,0.489683,1,0.070994,17,2,0,425382,18090,1541895,267552
198,1.45032,0.466533,1,0.056243,17,2,0,425382,18090,1541895,267552
199,2.63307,0.36879,1,0.056701,17,2,0,425382,18090,1541895,267552
200,1.35295,0.411829,1,0.062817,17,2,0,425382,18090,1541895,267552
201,1.2713,0.410422,1,0.052505,17,2,0,425382,18090,1541895,267552
202,1.61465,0.364846,1,0.075574,17,2,0,425382,18090,1541895,267552
203,1.34932,0.413642,1,0.060854,17,2,0,425382,18090,1541895,267552
204,1.29731,0.348224,1,0.081019,17,2,0,425382,18090,1541895,267552
205,1.39183,0.396859,1,0.049976,17,2,0,425382,18090,1541895,267552
206,1.26655,0.39834,1,0.053349,17,2,0,425382,18090,1541895,267552
207,1.35003,0.355857,1,0.051813,17,2,0,425382,18090,1541895,267552
208,1.26785,0.354558,1,0.058605,17,2,0,425382,18090,1541895,267552
209,2.80843,0.400517,1,0.100697,17,2,0,425382,18090,1541895,267552
210,1.39351,0.4633,1,0.055612,17,2,0,425382,18090,1541895,267552
211,1.56742,0.391186,1,0.05547,17,2,0,425382,18090,1541895,267552
212,1.43034,0.437485,1,0.071223,17,2,0,425382,18090,1541895,267552
213,1.39569,0.40972,1,0.066736,17,2,0,425382,18090,1541895,267552
214,1.45737,0.392814,1,0.069513,17,2,0,425382,18090,1541895,267552
215,1.62281,0.445692,1,0.076288,17,2,0,425382,18090,1541895,267552
216,2.22337,0.773433,1,0.095913,17,2,0,425382,18090,1541895,267552
217,1.59003,0.481135,1,0.079731,17,2,0,425382,18090,1541895,267552
218,1.44509,0.370483,1,0.063264,17,2,0,425382,18090,1541895,267552
219,1.33366,0.402432,1,0.05434,17,2,0,425382,18090,1541895,267552
220,1.28314,0.359887,1,0.056047,17,2,0,425382,18090,1541895,267552
221,1.33172,0.391899,1,0.061102,17,2,0,425382,18090,1541895,267552
222,1.53153,0.431647,1,0.057001,17,2,0,425382,18090,1541895,267552
223,1.25091,0.370595,1,0.088355,17,2,0,425382,18090,1541895,267552
224,1.31796,0.358054,1,0.05474,17,2,0,425382,18090,1541895,267552
225,1.32364,0.413725,1,0.062085,17,2,0,425382,18090,1541895,267552
226,1.35348,0.42995,1,0.053713,17,2,0,425382,18090,1541895,267552
227,1.23116,0.357709,1,0.059031,17,2,0,425382,18090,1541895,267552
228,1.30254,0.410903,1,0.057755,17,2,0,425382,18090,1541895,267552
229,1.48791,0.404951,1,0.064319,17,2,0,425382,18090,1541895,267552
230,1.35351,0.45749,1,0.052448,17,2,0,425382,18090,1541895,267552
231,1.40912,0.46659,1,0.055173,17,2,0,425382,18090,1541895,267552
232,1.32763,0.378735,1,0.066562,17,2,0,425382,18090,1541895,267552
233,1.45122,0.409617,1,0.08697,17,2,0,425382,18090,1541895,267552
234,1.77076,0.510057,1,0.055994,17,2,0,425382,18090,1541895,267552
235,1.98562,0.660632,1,0.117024,17,2,0,425382,18090,1541895,267552
236,2.32638,0.526351,1,0.072978,17,2,0,425382,18090,1541895,267552
237,1.69152,0.4623,1,0.140183,17,2,0,425382,18090,1541895,267552
238,1.54376,0.54031,1,0.06123,17,2,0,425382,18090,1541895,267552
239,1.46748,0.414405,1,0.057453,17,2,0,425382,18090,1541895,267552
240,1.67061,0.468776,1,0.067541,17,2,0,425382,18090,1541895,267552
241,1.69021,0.501374,1,0.068767,17,2,0,425382,18090,1541895,267552
242,1.81758,0.545964,1,0.109916,17,2,0,425382,18090,1541895,267552
243,1.85684,0.528705,1,0.080271,17,2,0,425382,18090,1541895,267552
244,2.02968,0.585862,1,0.120451,17,2,0,425382,18090,1541895,267552
245,1.57362,0.511238,1,0.078353,17,2,0,425382,18090,1541895,267552
246,1.44476,0.440331,1,0.055123,17,2,0,425382,18090,1541895,267552
247,1.47986,0.470934,1,0.060402,17,2,0,425382,18090,1541895,267552
248,1.58705,0.540623,1,0.056428,17,2,0,425382,18090,1541895,267552
249,1.72026,0.453693,1,0.086609,17,2,0,425382,18090,1541895,267552
250,1.60133,0.521843,1,0.055478,17,2,0,425382,18090,1541895,267552
251,1.49775,0.45184,1,0.070035,17,2,0,425382,18090,1541895,267552
252,1.3055,0.42276,1,0.065538,17,2,0,425382,18090,1541895,267552
253,1.38157,0.464227,1,0.054146,17,2,0,425382,18090,1541895,267552
254,1.42441,0.471878,1,0.064933,17,2,0,425382,18090,1541895,267552
255,1.37792,0.437091,1,0.065146,17,2,0,425382,18090,1541895,267552
256,1.42405,0.405664,1,0.059676,17,2,0,425382,18090,1541895,267552
257,1.48795,0.509201,1,0.06884,17,2,0,425382,18090,1541895,267552
258,1.33001,0.374382,1,0.062111,17,2,0,425382,18090,1541895,267552
259,1.34936,0.375563,1,0.051819,17,2,0,425382,18090,1541895,267552
260,2.19525,0.680049,1,0.054987,17,2,0,425382,18090,1541895,267552
261,2.20053,0.657204,1,0.083224,17,2,0,425382,18090,1541895,267552
262,2.24671,0.665759,1,0.117539,17,2,0,425382,18090,1541895,267552
263,2.18842,0.693303,1,0.090061,17,2,0,425382,18090,1541895,267552
264,1.47945,0.443708,1,0.078676,17,2,0,425382,18090,1541895,267552
265,1.35246,0.413499,1,0.063957,17,2,0,425382,18090,1541895,267552
266,1.60936,0.48941,1,0.070104,17,2,0,425382,18090,1541895,267552
267,1.62203,0.468922,1,0.068746,17,2,0,425382,18090,1541895,267552
268,1.62784,0.477398,1,0.074606,17,2,0,425382,18090,1541895,267552
269,1.42063,0.399509,1,0.061111,17,2,0,425382,18090,1541895,267552
270,1.26712,0.399942,1,0.060023,17,2,0,425382,18090,1541895,267552
271,1.2569,0.378888,1,0.059072,17,2,0,425382,18090,1541895,267552
272,1.36305,0.436338,1,0.058669,17,2,0,425382,18090,1541895,267552
273,1.51653,0.520195,1,0.05465,17,2,0,425382,18090,1541895,267552
274,1.35878,0.401897,1,0.089403,17,2,0,425382,18090,1541895,267552
275,1.44325,0.436871,1,0.053812,17,2,0,425382,18090,1541895,267552
276,1.62201,0.43383,1,0.076614,17,2,0,425382,18090,1541895,267552
277,1.58208,0.466261,1,0.080075,17,2,0,425382,18090,1541895,267552
278,1.51537,0.437361,1,0.095392,17,2,0,425382,18090,1541895,267552
279,3.39484,0.443416,1,0.081523,17,2,0,425382,18090,1541895,267552
280,2.55544,0.751193,1,0.147615,17,2,0,425382,18090,1541895,267552
281,2.37956,0.720275,1,0.105778,17,2,0,425382,18090,1541895,267552
282,4.50967,0.710536,1,0.101865,17,2,0,425382,18090,1541895,267552
283,4.15455,0.760717,1,1.98245,17,2,0,425382,18090,1541895,267552
284,1.51217,0.458927,1,0.078349,17,2,0,425382,18090,1541895,267552
285,1.48207,0.423782,1,0.081513,17,2,0,425382,18090,1541895,267552
286,1.85532,0.584807,1,0.094654,17,2,0,425382,18090,1541895,267552
287,2.08078,0.519636,1,0.09239,17,2,0,425382,18090,1541895,267552
288,1.84218,0.576493,1,0.094764,17,2,0,425382,18090,1541895,267552
289,2.73501,0.485784,1,0.072335,17,2,0,425382,18090,1541895,267552
290,1.63431,0.441746,1,0.126661,17,2,0,425382,18090,1541895,267552
291,1.38517,0.431274,1,0.06234,17,2,0,425382,18090,1541895,267552
292,1.63122,0.523845,1,0.071705,17,2,0,425382,18090,1541895,267552
293,1.85634,0.601311,1,0.073516,17,2,0,425382,18090,1541895,267552
294,1.8506,0.557367,1,0.106961,17,2,0,425382,18090,1541895,267552
295,1.44085,0.490283,1,0.0673,17,2,0,425382,18090,1541895,267552
296,1.38854,0.455071,1,0.057061,17,2,0,425382,18090,1541895,267552
297,1.37973,0.441531,1,0.056274,17,2,0,425382,18090,1541895,267552
298,1.37296,0.461546,1,0.052455,17,2,0,425382,18090,1541895,267552
299,1.66976,0.491754,1,0.049448,17,2,0,425382,18090,1541895,267552
300,1.91116,0.585495,1,0.07614,17,2,0,425382,18090,1541895,267552
301,1.52768,0.478195,1,0.086789,17,2,0,425382,18090,1541895,267552
302,1.43654,0.395238,1,0.066797,17,2,0,425382,18090,1541895,267552
303,1.52927,0.45108,1,0.06596,17,2,0,425382,18090,1541895,267552
304,1.67862,0.452242,1,0.090301,17,2,0,425382,18090,1541895,267552
305,1.56947,0.471978,1,0.085516,17,2,0,425382,18090,1541895,267552
306,1.57057,0.396123,1,0.05947,17,2,0,425382,18090,1541895,267552
307,1.77706,0.473442,1,0.070509,17,2,0,425382,18090,1541895,267552
308,1.52877,0.447605,1,0.073544,17,2,0,425382,18090,1541895,267552
309,1.43634,0.37489,1,0.065268,17,2,0,425382,18090,1541895,267552
310,1.40739,0.402056,1,0.056177,17,2,0,425382,18090,1541895,267552
311,1.4217,0.384037,1,0.086281,17,2,0,425382,18090,1541895,267552
312,1.43276,0.425229,1,0.058617,17,2,0,425382,18090,1541895,267552
313,1.65923,0.470972,1,0.056328,17,2,0,425382,18090,1541895,267552
314,1.49742,0.526175,1,0.064121,17,2,0,425382,18090,1541895,267552
315,1.41352,0.404284,1,0.072655,17,2,0,425382,18090,1541895,267552
316,1.45266,0.436889,1,0.063499,17,2,0,425382,18090,1541895,267552
317,1.44866,0.377787,1,0.068963,17,2,0,425382,18090,1541895,267552
318,1.38965,0.399914,1,0.06539,17,2,0,425382,18090,1541895,267552
319,1.4733,0.413884,1,0.055462,17,2,0,425382,18090,1541895,267552
320,1.36272,0.393256,1,0.060499,17,2,0,425382,18090,1541895,267552
321,1.45995,0.424894,1,0.065897,17,2,0,425382,18090,1541895,267552
322,1.39147,0.378718,1,0.09406,17,2,0,425382,18090,1541895,267552
323,1.60533,0.427653,1,0.082382,17,2,0,425382,18090,1541895,267552
324,1.74485,0.480414,1,0.087594,17,2,0,425382,18090,1541895,267552
325,1.77174,0.480244,1,0.092529,17,2,0,425382,18090,1541895,267552
326,2.15519,0.63752,1,0.078613,17,2,0,425382,18090,1541895,267552
327,2.17159,0.590899,1,0.095375,17,2,0,425382,18090,1541895,267552
328,1.97422,0.567494,1,0.077533,17,2,0,425382,18090,1541895,267552
329,1.59791,0.435205,1,0.08717,17,2,0,425382,18090,1541895,267552
330,1.53433,0.485561,1,0.065372,17,2,0,425382,18090,1541895,267552
331,1.44392,0.407679,1,0.085263,17,2,0,425382,18090,1541895,267552
332,1.46294,0.432267,1,0.057103,17,2,0,425382,18090,1541895,267552
333,1.53292,0.463479,1,0.068807,17,2,0,425382,18090,1541895,267552
334,1.40608,0.50013,1,0.058263,17,2,0,425382,18090,1541895,267552
335,1.37915,0.414883,1,0.056911,17,2,0,425382,18090,1541895,267552
336,1.37139,0.420073,1,0.063939,17,2,0,425382,18090,1541895,267552
337,1.61524,0.445032,1,0.061711,17,2,0,425382,18090,1541895,267552
338,1.58845,0.427801,1,0.09581,17,2,0,425382,18090,1541895,267552
339,1.80076,0.525192,1,0.095775,17,2,0,425382,18090,1541895,267552
340,1.74817,0.487665,1,0.07345,17,2,0,425382,18090,1541895,267552
341,1.53202,0.436038,1,0.071995,17,2,0,425382,18090,1541895,267552
342,1.57657,0.413262,1,0.065742,17,2,0,425382,18090,1541895,267552
343,1.34892,0.416739,1,0.0664,17,2,0,425382,18090,1541895,267552
344,1.24094,0.367851,1,0.050406,17,2,0,425382,18090,1541895,267552
345,1.3651,0.416068,1,0.069647,17,2,0,425382,18090,1541895,267552
346,1.25248,0.360014,1,0.05396,17,2,0,425382,18090,1541895,267552
347,1.28401,0.399637,1,0.053295,17,2,0,425382,18090,1541895,267552
348,1.41362,0.360241,1,0.063895,17,2,0,425382,18090,1541895,267552
349,1.57188,0.441251,1,0.067358,17,2,0,425382,18090,1541895,267552
350,1.65346,0.472738,1,0.053553,17,2,0,425382,18090,1541895,267552
351,1.66772,0.486585,1,0.082868,17,2,0,425382,18090,1541895,267552
352,1.49462,0.446084,1,0.070004,17,2,0,425382,18090,1541895,267552
353,1.32185,0.40192,1,0.057646,17,2,0,425382,18090,1541895,267552
354,1.35602,0.368392,1,0.074927,17,2,0,425382,18090,1541895,267552
355,1.30292,0.360888,1,0.053915,17,2,0,425382,18090,1541895,267552
356,1.69392,0.45022,1,0.057211,17,2,0,425382,18090,1541895,267552
357,1.58426,0.491772,1,0.066038,17,2,0,425382,18090,1541895,267552
358,1.75772,0.502842,1,0.119894,17,2,0,425382,18090,1541895,267552
359,1.6027,0.397968,1,0.082548,17,2,0,425382,18090,1541895,267552
360,1.34823,0.380808,1,0.062223,17,2,0,425382,18090,1541895,267552
361,1.29223,0.401567,1,0.053893,17,2,0,425382,18090,1541895,267552
362,1.34262,0.391748,1,0.055603,17,2,0,425382,18090,1541895,267552
363,1.35577,0.389923,1,0.05382,17,2,0,425382,18090,1541895,267552
364,1.95596,0.388456,1,0.053461,17,2,0,425382,18090,1541895,267552
365,1.93563,0.457366,1,0.133283,17,2,0,425382,18090,1541895,267552
366,1.5537,0.432986,1,0.088179,17,2,0,425382,18090,1541895,267552
367,1.36766,0.386236,1,0.074684,17,2,0,425382,18090,1541895,267552
368,1.34913,0.404114,1,0.058579,17,2,0,425382,18090,1541895,267552
369,1.72507,0.3795,1,0.059641,17,2,0,425382,18090,1541895,267552
370,1.60198,0.427738,1,0.077229,17,2,0,425382,18090,1541895,267552
371,1.35197,0.382203,1,0.06402,17,2,0,425382,18090,1541895,267552
372,1.63657,0.504798,1,0.078146,17,2,0,425382,18090,1541895,267552
373,1.75269,0.475672,1,0.08189,17,2,0,425382,18090,1541895,267552
374,1.80158,0.426964,1,0.142911,17,2,0,425382,18090,1541895,267552
375,1.60415,0.432869,1,0.075299,17,2,0,425382,18090,1541895,267552
376,1.68049,0.543184,1,0.069055,17,2,0,425382,18090,1541895,267552
377,1.55245,0.434283,1,0.098171,17,2,0,425382,18090,1541895,267552
378,1.50963,0.467688,1,0.060025,17,2,0,425382,18090,1541895,267552
379,1.46588,0.354101,1,0.069837,17,2,0,425382,18090,1541895,267552
380,1.29309,0.394423,1,0.069647,17,2,0,425382,18090,1541895,267552
381,1.34269,0.406175,1,0.050325,17,2,0,425382,18090,1541895,267552
382,1.46341,0.3905,1,0.086543,17,2,0,425382,18090,1541895,267552
383,1.33068,0.381574,1,0.059123,17,2,0,425382,18090,1541895,267552
384,1.29885,0.357927,1,0.049839,17,2,0,425382,18090,1541895,267552
385,1.33347,0.357743,1,0.081525,17,2,0,425382,18090,1541895,267552
386,1.29264,0.398426,1,0.051042,17,2,0,425382,18090,1541895,267552
387,1.31906,0.372169,1,0.051841,17,2,0,425382,18090,1541895,267552
388,1.38514,0.352769,1,0.050027,17,2,0,425382,18090,1541895,267552
389,1.42547,0.390673,1,0.055487,17,2,0,425382,18090,1541895,267552
390,1.42741,0.361376,1,0.06819,17,2,0,425382,18090,1541895,267552
391,1.68317,0.521646,1,0.062898,17,2,0,425382,18090,1541895,267552
392,1.55629,0.44948,1,0.084029,17,2,0,425382,18090,1541895,267552
393,1.29992,0.386398,1,0.052578,17,2,0,425382,18090,1541895,267552
394,1.35473,0.366622,1,0.051997,17,2,0,425382,18090,1541895,267552
395,1.343,0.341824,1,0.049472,17,2,0,425382,18090,1541895,267552
396,1.32205,0.391124,1,0.056857,17,2,0,425382,18090,1541895,267552
397,1.41435,0.417292,1,0.074115,17,2,0,425382,18090,1541895,267552
398,1.56083,0.415552,1,0.062974,17,2,0,425382,18090,1541895,267552
399,1.64622,0.401747,1,0.060039,17,2,0,425382,18090,1541895,267552
400,1.42705,0.390773,1,0.084987,17,2,0,425382,18090,1541895,267552
401,1.65729,0.42721,1,0.099864,17,2,0,425382,18090,1541895,267552
402,1.47473,0.37949,1,0.066906,17,2,0,425382,18090,1541895,267552
403,1.43154,0.37077,1,0.071804,17,2,0,425382,18090,1541895,267552
404,1.39746,0.380681,1,0.059463,17,2,0,425382,18090,1541895,267552
405,1.29028,0.384148,1,0.052309,17,2,0,425382,18090,1541895,267552
406,1.45236,0.458162,1,0.073061,17,2,0,425382,18090,1541895,267552
407,1.54567,0.559209,1,0.055069,17,2,0,425382,18090,1541895,267552
408,1.37094,0.373753,1,0.075196,17,2,0,425382,18090,1541895,267552
409,2.51533,0.428852,1,0.048551,17,2,0,425382,18090,1541895,267552
410,1.36947,0.386752,1,0.061846,17,2,0,425382,18090,1541895,267552
411,1.59933,0.430634,1,0.074611,17,2,0,425382,18090,1541895,267552
412,1.62691,0.450391,1,0.078304,17,2,0,425382,18090,1541895,267552
413,1.42782,0.412117,1,0.05559,17,2,0,425382,18090,1541895,267552
414,1.35866,0.373915,1,0.050555,17,2,0,425382,18090,1541895,267552
415,1.36997,0.389371,1,0.050354,17,2,0,425382,18090,1541895,267552
416,1.51438,0.479875,1,0.070757,17,2,0,425382,18090,1541895,267552
417,1.43089,0.404815,1,0.063047,17,2,0,425382,18090,1541895,267552
418,1.3727,0.417547,1,0.051223,17,2,0,425382,18090,1541895,267552
419,2.69728,0.431275,1,0.09007,17,2,0,425382,18090,1541895,267552
420,1.681,0.521502,1,0.078419,17,2,0,425382,18090,1541895,267552
421,1.61133,0.465874,1,0.073458,17,2,0,425382,18090,1541895,267552
422,1.69437,0.482828,1,0.079201,17,2,0,425382,18090,1541895,267552
423,2.07728,0.701898,1,0.067507,17,2,0,425382,18090,1541895,267552
424,1.76585,0.473593,1,0.101149,17,2,0,425382,18090,1541895,267552
425,1.32961,0.376188,1,0.070236,17,2,0,425382,18090,1541895,267552
426,1.4199,0.378966,1,0.049397,17,2,0,425382,18090,1541895,267552
427,1.32735,0.342611,1,0.058552,17,2,0,425382,18090,1541895,267552
428,1.38058,0.380575,1,0.056408,17,2,0,425382,18090,1541895,267552
429,2.67922,0.378227,1,0.060664,17,2,0,425382,18090,1541895,267552
430,1.51051,0.423191,1,0.078964,17,2,0,425382,18090,1541895,267552
431,1.51438,0.479106,1,0.068902,17,2,0,425382,18090,1541895,267552
432,1.38859,0.388594,1,0.054113,17,2,0,425382,18090,1541895,267552
433,1.47627,0.460523,1,0.063466,17,2,0,425382,18090,1541895,267552
434,2.1203,0.581796,1,0.053376,17,2,0,425382,18090,1541895,267552
435,2.61367,0.659796,1,0.134381,17,2,0,425382,18090,1541895,267552
436,2.39437,0.706304,1,0.097301,17,2,0,425382,18090,1541895,267552
437,2.03151,0.607619,1,0.08226,17,2,0,425382,18090,1541895,267552
438,1.60002,0.517068,1,0.067583,17,2,0,425382,18090,1541895,267552
439,2.46171,0.351472,1,0.054401,17,2,0,425382,18090,1541895,267552
440,1.29819,0.361277,1,0.053768,17,2,0,425382,18090,1541895,267552
441,1.33374,0.357976,1,0.048193,17,2,0,425382,18090,1541895,267552
442,1.29163,0.378753,1,0.053135,17,2,0,425382,18090,1541895,267552
443,1.29081,0.377706,1,0.04784,17,2,0,425382,18090,1541895,267552
444,1.42331,0.367979,1,0.049793,17,2,0,425382,18090,1541895,267552
445,1.49622,0.49384,1,0.064271,17,2,0,425382,18090,1541895,267552
446,1.46558,0.368213,1,0.052095,17,2,0,425382,18090,1541895,267552
447,1.71655,0.480053,1,0.071387,17,2,0,425382,18090,1541895,267552
448,1.72311,0.473183,1,0.078893,17,2,0,425382,18090,1541895,267552
449,2.55727,0.39315,1,0.073144,17,2,0,425382,18090,1541895,267552
450,1.64197,0.459518,1,0.078074,17,2,0,425382,18090,1541895,267552
451,1.69039,0.522147,1,0.096382,17,2,0,425382,18090,1541895,267552
452,1.68717,0.509957,1,0.067903,17,2,0,425382,18090,1541895,267552
453,1.55151,0.459613,1,0.074097,17,2,0,425382,18090,1541895,267552
454,1.44681,0.456528,1,0.057913,17,2,0,425382,18090,1541895,267552
455,1.2693,0.363501,1,0.049951,17,2,0,425382,18090,1541895,267552
456,1.25478,0.35814,1,0.049026,17,2,0,425382,18090,1541895,267552
457,1.39133,0.392105,1,0.049289,17,2,0,425382,18090,1541895,267552
458,1.37767,0.389274,1,0.051315,17,2,0,425382,18090,1541895,267552
459,2.54283,0.424353,1,0.058659,17,2,0,425382,18090,1541895,267552
460,1.65769,0.450947,1,0.073522,17,2,0,425382,18090,1541895,267552
461,1.36382,0.359756,1,0.058423,17,2,0,425382,18090,1541895,267552
462,1.29217,0.353754,1,0.054773,17,2,0,425382,18090,1541895,267552
463,1.34221,0.375569,1,0.058004,17,2,0,425382,18090,1541895,267552
464,1.33381,0.357193,1,0.055157,17,2,0,425382,18090,1541895,267552
465,1.39824,0.353945,1,0.06004,17,2,0,425382,18090,1541895,267552
466,1.2941,0.370142,1,0.049562,17,2,0,425382,18090,1541895,267552
467,1.30108,0.343571,1,0.046902,17,2,0,425382,18090,1541895,267552
468,1.2477,0.352533,1,0.050936,17,2,0,425382,18090,1541895,267552
469,1.32119,0.362599,1,0.047774,17,2,0,425382,18090,1541895,267552
470,1.25109,0.365425,1,0.048378,17,2,0,425382,18090,1541895,267552
471,1.3524,0.431644,1,0.066963,17,2,0,425382,18090,1541895,267552
472,1.3046,0.358685,1,0.049479,17,2,0,425382,18090,1541895,267552
473,1.56397,0.439649,1,0.04741,17,2,0,425382,18090,1541895,267552
474,1.5756,0.438087,1,0.071073,17,2,0,425382,18090,1541895,267552
475,1.3895,0.383458,1,0.059102,17,2,0,425382,18090,1541895,267552
476,1.23284,0.346074,1,0.048991,17,2,0,425382,18090,1541895,267552
477,1.23282,0.351657,1,0.049569,17,2,0,425382,18090,1541895,267552
478,1.33646,0.383163,1,0.048418,17,2,0,425382,18090,1541895,267552
479,1.37053,0.375552,1,0.063798,17,2,0,425382,18090,1541895,267552
480,1.30116,0.344089,1,0.047438,17,2,0,425382,18090,1541895,267552
481,1.44552,0.542364,1,0.054292,17,2,0,425382,18090,1541895,267552
482,1.4378,0.389762,1,0.053695,17,2,0,425382,18090,1541895,267552
483,1.33285,0.418584,1,0.061436,17,2,0,425382,18090,1541895,267552
484,1.24595,0.367446,1,0.051562,17,2,0,425382,18090,1541895,267552
485,1.25146,0.347197,1,0.050201,17,2,0,425382,18090,1541895,267552
486,1.38629,0.382264,1,0.065299,17,2,0,425382,18090,1541895,267552
487,1.43112,0.407485,1,0.056716,17,2,0,425382,18090,1541895,267552
488,1.8117,0.434565,1,0.088065,17,2,0,425382,18090,1541895,267552
489,2.8035,0.591355,1,0.113305,17,2,0,425382,18090,1541895,267552
490,1.36781,0.382472,1,0.068275,17,2,0,425382,18090,1541895,267552
491,1.30243,0.372299,1,0.051664,17,2,0,425382,18090,1541895,267552
492,1.24745,0.376916,1,0.053557,17,2,0,425382,18090,1541895,267552
493,1.22956,0.3745,1,0.048166,17,2,0,425382,18090,1541895,267552
494,1.40539,0.43052,1,0.048717,17,2,0,425382,18090,1541895,267552
495,1.46533,0.420948,1,0.069371,17,2,0,425382,18090,1541895,267552
496,1.44743,0.429839,1,0.063847,17,2,0,425382,18090,1541895,267552
497,1.26677,0.357439,1,0.062175,17,2,0,425382,18090,1541895,267552
498,1.21656,0.371987,1,0.049846,17,2,0,425382,18090,1541895,267552
499,1.34825,0.358966,1,0.051031,17,2,0,425382,18090,1541895,267552
500,1.2642,0.389397,1,0.051218,17,2,0,425382,18090,1541895,267552
501,1.34237,0.369235,1,0.06481,17,2,0,425382,18090,1541895,267552
502,1.4358,0.420009,1,0.082764,17,2,0,425382,18090,1541895,267552
503,1.45102,0.36834,1,0.056101,17,2,0,425382,18090,1541895,267552
504,1.3325,0.420578,1,0.059913,17,2,0,425382,18090,1541895,267552
505,1.28047,0.365112,1,0.05314,17,2,0,425382,18090,1541895,267552
506,1.24013,0.34639,1,0.049986,17,2,0,425382,18090,1541895,267552
507,1.33673,0.442093,1,0.053306,17,2,0,425382,18090,1541895,267552
508,1.28761,0.431712,1,0.04885,17,2,0,425382,18090,1541895,267552
509,1.35004,0.356613,1,0.049452,17,2,0,425382,18090,1541895,267552
510,1.23652,0.344293,1,0.048406,17,2,0,425382,18090,1541895,267552
511,1.32733,0.395296,1,0.051824,17,2,0,425382,18090,1541895,267552
512,1.26891,0.356228,1,0.095423,17,2,0,425382,18090,1541895,267552
513,1.25969,0.347482,1,0.048205,17,2,0,425382,18090,1541895,267552
514,1.21137,0.385766,1,0.052123,17,2,0,425382,18090,1541895,267552
515,1.21395,0.371359,1,0.048403,17,2,0,425382,18090,1541895,267552
516,1.27536,0.35299,1,0.048311,17,2,0,425382,18090,1541895,267552
517,1.4617,0.410679,1,0.06399,17,2,0,425382,18090,1541895,267552
518,1.62389,0.442208,1,0.07935,17,2,0,425382,18090,1541895,267552
519,1.6261,0.436872,1,0.071101,17,2,0,425382,18090,1541895,267552
520,1.3015,0.36174,1,0.061878,17,2,0,425382,18090,1541895,267552
521,1.22949,0.346483,1,0.050878,17,2,0,425382,18090,1541895,267552
522,1.37431,0.383723,1,0.062768,17,2,0,425382,18090,1541895,267552
523,1.41224,0.392789,1,0.054893,17,2,0,425382,18090,1541895,267552
524,1.51933,0.41802,1,0.059617,17,2,0,425382,18090,1541895,267552
525,1.73686,0.469112,1,0.099191,17,2,0,425382,18090,1541895,267552
526,1.52114,0.44812,1,0.08101,17,2,0,425382,18090,1541895,267552
527,1.35548,0.360037,1,0.063213,17,2,0,425382,18090,1541895,267552
528,1.26378,0.350754,1,0.048125,17,2,0,425382,18090,1541895,267552
529,1.33447,0.365621,1,0.050777,17,2,0,425382,18090,1541895,267552
530,1.32861,0.356047,1,0.045696,17,2,0,425382,18090,1541895,267552
531,1.47641,0.413339,1,0.067958,17,2,0,425382,18090,1541895,267552
532,1.32113,0.367863,1,0.053605,17,2,0,425382,18090,1541895,267552
533,1.32047,0.389436,1,0.05161,17,2,0,425382,18090,1541895,267552
534,1.18992,0.349977,1,0.047362,17,2,0,425382,18090,1541895,267552
535,1.26811,0.369189,1,0.0478,17,2,0,425382,18090,1541895,267552
536,1.27933,0.375405,1,0.047577,17,2,0,425382,18090,1541895,267552
537,1.2412,0.381619,1,0.05025,17,2,0,425382,18090,1541895,267552
538,1.28793,0.387189,1,0.045995,17,2,0,425382,18090,1541895,267552
539,1.28698,0.367568,1,0.047912,17,2,0,425382,18090,1541895,267552
540,1.25169,0.342063,1,0.045493,17,2,0,425382,18090,1541895,267552
541,1.20613,0.358605,1,0.055082,17,2,0,425382,18090,1541895,267552
542,1.16997,0.351303,1,0.05104,17,2,0,425382,18090,1541895,267552
543,1.31282,0.359579,1,0.045813,17,2,0,425382,18090,1541895,267552
544,1.21541,0.360746,1,0.05256,17,2,0,425382,18090,1541895,267552
545,1.1922,0.381504,1,0.046544,17,2,0,425382,18090,1541895,267552
546,1.23414,0.351583,1,0.045072,17,2,0,425382,18090,1541895,267552
547,1.29708,0.411869,1,0.046544,17,2,0,425382,18090,1541895,267552
548,1.44857,0.403816,1,0.060398,17,2,0,425382,18090,1541895,267552
549,1.37274,0.365457,1,0.055985,17,2,0,425382,18090,1541895,267552
550,1.21228,0.389233,1,0.053996,17,2,0,425382,18090,1541895,267552
551,1.24325,0.346891,1,0.046646,17,2,0,425382,18090,1541895,267552
552,1.30708,0.356864,1,0.056914,17,2,0,425382,18090,1541895,267552
553,1.25722,0.370375,1,0.05681,17,2,0,425382,18090,1541895,267552
554,1.29243,0.404604,1,0.046085,17,2,0,425382,18090,1541895,267552
555,1.27973,0.386446,1,0.065096,17,2,0,425382,18090,1541895,267552
556,1.3493,0.393041,1,0.053306,17,2,0,425382,18090,1541895,267552
557,1.31247,0.421085,1,0.067618,17,2,0,425382,18090,1541895,267552
558,1.2599,0.376484,1,0.054892,17,2,0,425382,18090,1541895,267552
559,1.32237,0.374611,1,0.054847,17,2,0,425382,18090,1541895,267552
560,1.46145,0.488916,1,0.05742,17,2,0,425382,18090,1541895,267552
561,1.46196,0.441877,1,0.063317,17,2,0,425382,18090,1541895,267552
562,1.38995,0.45785,1,0.05356,17,2,0,425382,18090,1541895,267552
563,1.50454,0.531108,1,0.057644,17,2,0,425382,18090,1541895,267552
564,1.35346,0.42987,1,0.074353,17,2,0,425382,18090,1541895,267552
565,1.26313,0.422483,1,0.054955,17,2,0,425382,18090,1541895,267552
566,1.32076,0.446422,1,0.048749,17,2,0,425382,18090,1541895,267552
567,1.37968,0.432386,1,0.050666,17,2,0,425382,18090,1541895,267552
568,1.27933,0.42429,1,0.04763,17,2,0,425382,18090,1541895,267552
569,2.44045,0.403133,1,0.046602,17,2,0,425382,18090,1541895,267552
570,1.65145,0.558675,1,0.094037,17,2,0,425382,18090,1541895,267552
571,1.30374,0.387573,1,0.093947,17,2,0,425382,18090,1541895,267552
572,1.2157,0.370432,1,0.051228,17,2,0,425382,18090,1541895,267552
573,1.27073,0.435387,1,0.054152,17,2,0,425382,18090,1541895,267552
574,1.23071,0.392507,1,0.049784,17,2,0,425382,18090,1541895,267552
575,1.3959,0.367496,1,0.058733,17,2,0,425382,18090,1541895,267552
576,1.20053,0.370834,1,0.048094,17,2,0,425382,18090,1541895,267552
577,1.18155,0.379836,1,0.046001,17,2,0,425382,18090,1541895,267552
578,1.30281,0.380127,1,0.051222,17,2,0,425382,18090,1541895,267552
579,1.33049,0.375985,1,0.054845,17,2,0,425382,18090,1541895,267552
580,1.19372,0.369836,1,0.057608,17,2,0,425382,18090,1541895,267552
581,1.28206,0.448087,1,0.048709,17,2,0,425382,18090,1541895,267552
582,1.28353,0.426158,1,0.05028,17,2,0,425382,18090,1541895,267552
583,1.45874,0.389346,1,0.045979,17,2,0,425382,18090,1541895,267552
584,1.46655,0.425719,1,0.070313,17,2,0,425382,18090,1541895,267552
585,1.39852,0.472667,1,0.055911,17,2,0,425382,18090,1541895,267552
586,1.2583,0.413403,1,0.058623,17,2,0,425382,18090,1541895,267552
587,1.22046,0.3953,1,0.051209,17,2,0,425382,18090,1541895,267552
588,1.27988,0.414294,1,0.07349,17,2,0,425382,18090,1541895,267552
589,1.32254,0.38124,1,0.050181,17,2,0,425382,18090,1541895,267552
590,1.22125,0.377033,1,0.04675,17,2,0,425382,18090,1541895,267552
591,1.4723,0.496817,1,0.087148,17,2,0,425382,18090,1541895,267552
592,1.42886,0.390909,1,0.125809,17,2,1,425382,18090,1541895,267552
593,1.51028,0.446668,1,0.066532,17,2,1,425382,18090,1541895,267556
594,1.37816,0.416173,1,0.06344,17,2,1,425382,18090,1541895,267560
595,1.24955,0.400275,1,0.067614,17,2,1,767151,18090,1541895,267560
596,1.35461,0.407288,1,0.056991,17,2,1,767151,18090,1541895,267560
597,1.44932,0.41668,1,0.091791,17,2,1,767151,18090,1541895,267560
598,1.80516,0.479243,1,0.092481,17,2,1,767151,18090,1541895,267560
599,2.83789,0.55346,1,0.075515,17,2,1,767151,18090,1541895,267560
600,1.66105,0.477453,1,0.227425,23,2,1,767151,18090,1541895,267560
601,1.926,0.473601,1,0.504258,25,2,1,767151,18090,1592123,267560
602,1.77237,0.494795,1,0.160057,25,3,0,767151,18090,1592139,267560
603,2.05911,0.529116,1,0.067711,25,3,0,767151,18090,1592139,267560
604,1.65573,0.5455,1,0.131463,25,3,0,767151,18090,1592139,267560
605,1.4573,0.457908,1,0.07823,25,3,0,767151,18090,1592139,267560
606,1.44228,0.441175,1,0.069412,25,3,0,767151,18090,1592139,267560
607,1.48653,0.47636,1,0.070342,25,3,0,767151,18090,1592139,267560
608,1.45131,0.479465,1,0.076498,25,3,0,767151,18090,1592139,267560
609,2.72853,0.525373,1,0.074567,25,3,0,767151,18090,1592139,267560
610,1.90759,0.687368,1,0.121129,25,3,0,767151,18090,1592139,267560
611,1.5765,0.457356,1,0.092826,25,3,0,767151,18090,1592139,267560
612,1.48243,0.458624,1,0.078721,25,3,0,767151,18090,1592139,267560
613,1.56242,0.461763,1,0.098301,25,3,0,767151,18090,1592139,267560
614,1.45956,0.448576,1,0.07381,25,3,0,767151,18090,1592139,267560
615,1.63516,0.535232,1,0.072758,25,3,0,767151,18090,1592139,267560
616,2.11648,0.69607,1,0.098721,25,3,0,767151,18090,1592139,267560
617,1.66265,0.509916,1,0.107312,25,3,0,767151,18090,1592139,267560
618,1.55756,0.483309,1,0.076881,25,3,0,767151,18090,1592139,267560
619,2.66958,0.48109,1,0.079176,25,3,0,767151,18090,1592139,267560
620,1.81788,0.566766,1,0.115467,25,3,0,767151,18090,1592139,267560
621,2.07323,0.629721,1,0.130975,25,3,0,767151,18090,1592139,267560
622,2.00316,0.573156,1,0.138764,25,3,0,767151,18090,1592139,267560
623,1.5675,0.506023,1,0.095513,25,3,0,767151,18090,1592139,267560
624,1.75637,0.487657,1,0.089961,25,3,0,767151,18090,1592139,267560
625,1.90151,0.535211,1,0.116495,25,3,0,767151,18090,1592139,267560
626,1.84351,0.610857,1,0.09171,25,3,0,767151,18090,1592139,267560
627,1.69886,0.549359,1,0.100844,25,3,0,767151,18090,1592139,267560
628,1.73629,0.593549,1,0.089641,25,3,0,767151,18090,1592139,267560
629,2.86464,0.495858,1,0.121973,25,3,0,767151,18090,1592139,267560
630,1.6883,0.498459,1,0.081883,25,3,0,767151,18090,1592139,267560
631,1.71146,0.525159,1,0.102024,25,3,0,767151,18090,1592139,267560
632,1.68817,0.592462,1,0.092092,25,3,0,767151,18090,1592139,267560
633,1.62612,0.473343,1,0.10253,25,3,0,767151,18090,1592139,267560
634,1.58572,0.509774,1,0.07979,25,3,0,767151,18090,1592139,267560
635,1.54321,0.468777,1,0.080785,25,3,0,767151,18090,1592139,267560
636,1.57722,0.469256,1,0.073254,25,3,0,767151,18090,1592139,267560
637,1.46889,0.458724,1,0.074055,25,3,0,767151,18090,1592139,267560
638,1.60425,0.487864,1,0.071638,25,3,0,767151,18090,1592139,267560
639,1.7851,0.511778,1,0.122836,25,3,0,767151,18090,1592139,267560
640,1.58485,0.551113,1,0.088691,25,3,0,767151,18090,1592139,267560
641,1.58228,0.53724,1,0.076154,25,3,0,767151,18090,1592139,267560
642,1.61147,0.498274,1,0.098144,25,3,0,767151,18090,1592139,267560
643,1.79507,0.574317,1,0.108204,25,3,0,767151,18090,1592139,267560
644,1.73923,0.615422,1,0.085784,25,3,0,767151,18090,1592139,267560
645,1.57246,0.500269,1,0.078537,25,3,0,767151,18090,1592139,267560
646,1.60758,0.468649,1,0.116397,25,3,0,767151,18090,1592139,267560
647,1.60605,0.541753,1,0.093694,25,3,0,767151,18090,1592139,267560
648,1.51392,0.47806,1,0.077183,25,3,0,767151,18090,1592139,267560
649,2.88971,0.482133,1,0.092135,25,3,0,767151,18090,1592139,267560
650,1.73828,0.52787,1,0.113821,25,3,0,767151,18090,1592139,267560
651,1.53248,0.508019,1,0.080205,25,3,0,767151,18090,1592139,267560
652,1.6846,0.504752,1,0.076995,25,3,0,767151,18090,1592139,267560
653,1.725,0.53011,1,0.089382,25,3,0,767151,18090,1592139,267560
654,2.0104,0.578228,1,0.115959,25,3,0,767151,18090,1592139,267560
655,2.23495,0.626298,1,0.115425,25,3,0,767151,18090,1592139,267560
656,1.81161,0.572804,1,0.117905,25,3,0,767151,18090,1592139,267560
657,1.54927,0.486624,1,0.088896,25,3,0,767151,18090,1592139,267560
658,1.73279,0.509519,1,0.075458,25,3,0,767151,18090,1592139,267560
659,1.67172,0.542815,1,0.082053,25,3,0,767151,18090,1592139,267560
660,1.51635,0.476884,1,0.073278,25,3,0,767151,18090,1592139,267560
661,1.53266,0.450801,1,0.070935,25,3,0,767151,18090,1592139,267560
662,1.45631,0.469803,1,0.07703,25,3,0,767151,18090,1592139,267560
663,1.45278,0.441542,1,0.0734,25,3,0,767151,18090,1592139,267560
664,1.48204,0.441236,1,0.075102,25,3,0,767151,18090,1592139,267560
665,1.64903,0.541446,1,0.121988,25,3,0,767151,18090,1592139,267560
666,1.56177,0.475033,1,0.072938,25,3,0,767151,18090,1592139,267560
667,1.727,0.510434,1,0.13026,25,3,0,767151,18090,1592139,267560
668,1.72777,0.51127,1,0.11915,25,3,0,767151,18090,1592139,267560
669,2.65811,0.473624,1,0.073594,25,3,0,767151,18090,1592139,267560
670,1.67798,0.472432,1,0.092278,25,3,0,767151,18090,1592139,267560
671,1.61352,0.558073,1,0.079178,25,3,0,767151,18090,1592139,267560
672,1.71701,0.551326,1,0.072232,25,3,0,767151,18090,1592139,267560
673,2.08859,0.511328,1,0.108806,25,3,0,767151,18090,1592139,267560
674,1.60777,0.480564,1,0.102089,25,3,0,767151,18090,1592139,267560
675,1.58498,0.485889,1,0.07533,25,3,0,767151,18090,1592139,267560
676,1.51454,0.472398,1,0.082096,25,3,0,767151,18090,1592139,267560
677,1.57689,0.434318,1,0.071532,25,3,0,767151,18090,1592139,267560
678,1.78209,0.580712,1,0.087439,25,3,0,767151,18090,1592139,267560
679,3.39025,0.669369,1,0.167412,25,3,0,767151,18090,1592139,267560
680,1.75719,0.532134,1,0.110566,25,3,0,767151,18090,1592139,267560
681,1.60744,0.511005,1,0.091012,25,3,0,767151,18090,1592139,267560
682,1.84539,0.504126,1,0.127699,25,3,0,767151,18090,1592139,267560
683,1.70752,0.500755,1,0.090902,25,3,0,767151,18090,1592139,267560
684,1.72264,0.570176,1,0.096294,25,3,0,767151,18090,1592139,267560
685,1.49404,0.460206,1,0.088469,25,3,0,767151,18090,1592139,267560
686,1.47357,0.451866,1,0.079779,25,3,0,767151,18090,1592139,267560
687,1.57773,0.525657,1,0.095099,25,3,0,767151,18090,1592139,267560
688,1.40009,0.437801,1,0.075184,25,3,0,767151,18090,1592139,267560
689,3.10779,0.454368,1,0.097694,25,3,0,767151,18090,1592139,267560
690,1.6639,0.509842,1,0.113594,25,3,0,767151,18090,1592139,267560
691,1.47145,0.44117,1,0.098969,25,3,0,767151,18090,1592139,267560
692,1.50191,0.467324,1,0.093021,25,3,0,767151,18090,1592139,267560
693,1.55966,0.493088,1,0.112286,25,3,0,767151,18090,1592139,267560
694,1.4752,0.509254,1,0.070867,25,3,0,767151,18090,1592139,267560
695,1.61799,0.475786,1,0.080227,25,3,0,767151,18090,1592139,267560
696,1.49118,0.476628,1,0.082281,25,3,0,767151,18090,1592139,267560
697,1.41876,0.44244,1,0.07898,25,3,0,767151,18090,1592139,267560
698,1.46367,0.485914,1,0.073846,25,3,0,767151,18090,1592139,267560
699,1.55662,0.448827,1,0.090768,25,3,0,767151,18090,1592139,267560
700,1.49131,0.459992,1,0.070845,25,3,0,767151,18090,1592139,267560
701,1.5369,0.483552,1,0.07195,25,3,0,767151,18090,1592139,267560
702,1.94179,0.573386,1,0.095376,25,3,0,767151,18090,1592139,267560
703,1.58025,0.509347,1,0.087112,25,3,0,767151,18090,1592139,267560
704,1.4687,0.446764,1,0.093334,25,3,0,767151,18090,1592139,267560
705,1.5277,0.520195,1,0.07329,25,3,0,767151,18090,1592139,267560
706,1.4274,0.464287,1,0.07713,25,3,0,767151,18090,1592139,267560
707,1.5319,0.511077,1,0.070069,25,3,0,767151,18090,1592139,267560
708,1.61791,0.460842,1,0.085841,25,3,0,767151,18090,1592139,267560
709,2.00342,0.513751,1,0.120002,25,3,0,767151,18090,1592139,267560
710,1.57288,0.49873,1,0.103636,25,3,0,767151,18090,1592139,267560
711,1.44429,0.432069,1,0.080473,25,3,0,767151,18090,1592139,267560
712,1.66681,0.547003,1,0.086749,25,3,0,767151,18090,1592139,267560
713,1.64012,0.496619,1,0.082823,25,3,0,767151,18090,1592139,267560
714,2.03673,0.572829,1,0.143806,25,3,0,767151,18090,1592139,267560
715,1.91582,0.66222,1,0.135012,25,3,0,767151,18090,1592139,267560
716,1.48109,0.45397,1,0.102951,25,3,0,767151,18090,1592139,267560
717,1.53418,0.561176,1,0.073777,25,3,0,767151,18090,1592139,267560
718,1.4444,0.485066,1,0.087391,25,3,0,767151,18090,1592139,267560
719,1.54093,0.458971,1,0.070051,25,3,0,767151,18090,1592139,267560
720,1.73781,0.486159,1,0.10788,25,3,0,767151,18090,1592139,267560
721,1.68584,0.567427,1,0.101696,25,3,0,767151,18090,1592139,267560
722,1.59636,0.496194,1,0.163557,25,3,0,767151,18090,1592139,267560
723,1.53052,0.440592,1,0.115985,25,3,0,767151,18090,1592139,267560
724,1.51317,0.483523,1,0.094184,25,3,0,767151,18090,1592139,267560
725,1.94866,0.43149,1,0.09901,25,3,0,767151,18090,1592139,267560
726,2.04405,0.761587,1,0.142081,25,3,0,767151,18090,1592139,267560
727,1.55683,0.478289,1,0.100841,25,3,0,767151,18090,1592139,267560
728,1.60914,0.537168,1,0.073675,25,3,0,767151,18090,1592139,267560
729,1.57205,0.451974,1,0.082291,25,3,0,767151,18090,1592139,267560
730,1.43855,0.482299,1,0.071662,25,3,0,767151,18090,1592139,267560
731,1.47082,0.49512,1,0.070316,25,3,0,767151,18090,1592139,267560
732,1.53699,0.478075,1,0.072733,25,3,0,767151,18090,1592139,267560
733,1.96238,0.590685,1,0.091061,25,3,0,767151,18090,1592139,267560
734,1.88554,0.5767,1,0.109966,25,3,0,767151,18090,1592139,267560
735,1.63648,0.494205,1,0.085732,25,3,0,767151,18090,1592139,267560
736,1.51032,0.512393,1,0.078403,25,3,0,767151,18090,1592139,267560
737,1.68325,0.469866,1,0.0693,25,3,0,767151,18090,1592139,267560
738,1.60027,0.470113,1,0.083976,25,3,0,767151,18090,1592139,267560
739,2.87377,0.549603,1,0.110275,25,3,0,767151,18090,1592139,267560
740,1.65909,0.478114,1,0.091988,25,3,0,767151,18090,1592139,267560
741,1.65931,0.462207,1,0.10628,25,3,0,767151,18090,1592139,267560
742,1.7129,0.535964,1,0.084055,25,3,0,767151,18090,1592139,267560
743,1.90456,0.533597,1,0.086463,25,3,0,767151,18090,1592139,267560
744,2.18343,0.593414,1,0.187195,25,3,0,767151,18090,1592139,267560
745,1.70501,0.522098,1,0.108804,25,3,0,767151,18090,1592139,267560
746,1.68299,0.500599,1,0.083615,25,3,0,767151,18090,1592139,267560
747,1.53596,0.471907,1,0.077674,25,3,0,767151,18090,1592139,267560
748,2.10459,0.530398,1,0.081454,25,3,0,767151,18090,1592139,267560
749,1.94655,0.568725,1,0.11653,25,3,0,767151,18090,1592139,267560
750,1.93395,0.663709,1,0.112582,25,3,0,767151,18090,1592139,267560
751,1.5831,0.496008,1,0.112017,25,3,0,767151,18090,1592139,267560
752,1.68359,0.505851,1,0.099754,25,3,0,767151,18090,1592139,267560
753,1.47503,0.468938,1,0.075617,25,3,0,767151,18090,1592139,267560
754,2.16133,0.733088,1,0.070854,25,3,0,767151,18090,1592139,267560
755,2.10708,0.621592,1,0.096159,25,3,0,767151,18090,1592139,267560
756,1.86075,0.617609,1,0.101403,25,3,0,767151,18090,1592139,267560
757,1.57116,0.443999,1,0.085499,25,3,0,767151,18090,1592139,267560
758,1.66817,0.53941,1,0.087254,25,3,0,767151,18090,1592139,267560
759,1.66241,0.466923,1,0.070323,25,3,0,767151,18090,1592139,267560
760,1.45542,0.445735,1,0.07058,25,3,0,767151,18090,1592139,267560
761,1.62303,0.510683,1,0.100175,25,3,0,767151,18090,1592139,267560
762,1.49677,0.446651,1,0.084478,25,3,0,767151,18090,1592139,267560
763,1.61782,0.518236,1,0.072167,25,3,0,767151,18090,1592139,267560
764,1.50242,0.463163,1,0.078515,25,3,0,767151,18090,1592139,267560
765,1.60075,0.52578,1,0.068965,25,3,0,767151,18090,1592139,267560
766,1.73044,0.519558,1,0.091459,25,3,0,767151,18090,1592139,267560
767,2.093,0.71754,1,0.156038,25,3,0,767151,18090,1592139,267560
768,1.58524,0.48517,1,0.09753,25,3,0,767151,18090,1592139,267560
769,1.62904,0.453348,1,0.073058,25,3,0,767151,18090,1592139,267560
770,1.63847,0.507202,1,0.081839,25,3,0,767151,18090,1592139,267560
771,1.89311,0.636755,1,0.100941,25,3,0,767151,18090,1592139,267560
772,2.16746,0.617143,1,0.12971,25,3,0,767151,18090,1592139,267560
773,1.71958,0.527809,1,0.132713,25,3,0,767151,18090,1592139,267560
774,1.5151,0.44385,1,0.081986,25,3,0,767151,18090,1592139,267560
775,1.54253,0.500919,1,0.095182,25,3,0,767151,18090,1592139,267560
776,1.59839,0.571369,1,0.087817,25,3,0,767151,18090,1592139,267560
777,1.89702,0.607627,1,0.070414,25,3,0,767151,18090,1592139,267560
778,1.76057,0.555458,1,0.10333,25,3,0,767151,18090,1592139,267560
779,2.82334,0.481666,1,0.125054,25,3,0,767151,18090,1592139,267560
780,1.6151,0.462301,1,0.085637,25,3,0,767151,18090,1592139,267560
781,1.51921,0.487665,1,0.080432,25,3,0,767151,18090,1592139,267560
782,1.56479,0.434219,1,0.071025,25,3,0,767151,18090,1592139,267560
783,1.59781,0.542816,1,0.07249,25,3,0,767151,18090,1592139,267560
784,1.51216,0.464555,1,0.08642,25,3,0,767151,18090,1592139,267560
785,1.47917,0.447142,1,0.073939,25,3,0,767151,18090,1592139,267560
786,1.49662,0.437915,1,0.072185,25,3,0,767151,18090,1592139,267560
787,1.52967,0.455533,1,0.078056,25,3,0,767151,18090,1592139,267560
788,1.44394,0.436138,1,0.07316,25,3,0,767151,18090,1592139,267560
789,1.78748,0.552855,1,0.070938,25,3,0,767151,18090,1592139,267560
790,2.15726,0.681399,1,0.140812,25,3,0,767151,18090,1592139,267560
791,1.67026,0.454511,1,0.094041,25,3,0,767151,18090,1592139,267560
792,1.59142,0.514371,1,0.079504,25,3,0,767151,18090,1592139,267560
793,1.49389,0.463712,1,0.094428,25,3,0,767151,18090,1592139,267560
794,1.42851,0.458668,1,0.070535,25,3,0,767151,18090,1592139,267560
795,1.59497,0.475418,1,0.092948,25,3,0,767151,18090,1592139,267560
796,2.03307,0.602306,1,0.122378,25,3,0,767151,18090,1592139,267560
797,1.67655,0.510184,1,0.110076,25,3,0,767151,18090,1592139,267560
798,1.68533,0.466607,1,0.084286,25,3,0,767151,18090,1592139,267560
799,1.87173,0.544834,1,0.092793,25,3,0,767151,18090,1592139,267560
800,1.55469,0.467998,1,0.088107,25,3,0,767151,18090,1592139,267560
801,1.90762,0.661488,1,0.097081,25,3,0,767151,18090,1592139,267560
802,1.92512,0.718533,1,0.091443,25,3,0,767151,18090,1592139,267560
803,1.65357,0.483795,1,0.110457,25,3,0,767151,18090,1592139,267560
804,1.75884,0.523636,1,0.090707,25,3,0,767151,18090,1592139,267560
805,2.26126,0.920999,1,0.115964,25,3,0,767151,18090,1592139,267560
806,1.74673,0.498075,1,0.092493,25,3,0,767151,18090,1592139,267560
807,2.60466,0.657978,1,0.169147,25,3,0,767151,18090,1592139,267560
808,2.05229,0.550785,1,0.1128,25,3,0,767151,18090,1592139,267560
809,3.90414,0.80893,1,0.137623,25,3,0,767151,18090,1592139,267560
810,1.88998,0.604191,1,0.090202,25,3,0,767151,18090,1592139,267560
811,1.83994,0.541137,1,0.10278,25,3,0,767151,18090,1592139,267560
812,1.87924,0.595293,1,0.121307,25,3,0,767151,18090,1592139,267560
813,1.90872,0.535689,1,0.112368,25,3,0,767151,18090,1592139,267560
814,1.73457,0.559923,1,0.10168,25,3,0,767151,18090,1592139,267560
815,1.63257,0.484716,1,0.07894,25,3,0,767151,18090,1592139,267560
816,1.74633,0.514052,1,0.098594,25,3,0,767151,18090,1592139,267560
817,1.70914,0.493762,1,0.088793,25,3,0,767151,18090,1592139,267560
818,1.8626,0.637112,1,0.107001,25,3,0,767151,18090,1592139,267560
819,2.00934,0.549104,1,0.111397,25,3,0,767151,18090,1592139,267560
820,1.61298,0.482999,1,0.090701,25,3,0,767151,18090,1592139,267560
821,1.78263,0.559469,1,0.108363,25,3,0,767151,18090,1592139,267560
822,2.09647,0.61983,1,0.123089,25,3,0,767151,18090,1592139,267560
823,2.15258,0.567764,1,0.142647,25,3,0,767151,18090,1592139,267560
824,2.09096,0.587904,1,0.133111,25,3,0,767151,18090,1592139,267560
825,3.15994,0.872434,1,0.192388,25,3,0,767151,18090,1592139,267560
826,3.47724,0.90636,1,0.157898,25,3,0,767151,18090,1592139,267560
827,2.80234,0.782851,1,0.217531,25,3,0,767151,18090,1592139,267560
828,2.26588,0.725984,1,0.118332,25,3,0,767151,18090,1592139,267560
829,2.43248,0.628374,1,0.104723,25,3,0,767151,18090,1592139,267560
830,2.37843,0.81776,1,0.144217,25,3,0,767151,18090,1592139,267560
831,1.93282,0.543173,1,0.123118,25,3,0,767151,18090,1592139,267560
832,1.81683,0.596708,1,0.094339,25,3,0,767151,18090,1592139,267560
833,1.58531,0.505642,1,0.085725,25,3,0,767151,18090,1592139,267560
834,1.54984,0.462957,1,0.069805,25,3,0,767151,18090,1592139,267560
835,1.52211,0.471514,1,0.081951,25,3,0,767151,18090,1592139,267560
836,1.74053,0.511978,1,0.085091,25,3,0,767151,18090,1592139,267560
837,2.24281,0.615187,1,0.106356,25,3,0,767151,18090,1592139,267560
838,2.19462,0.706691,1,0.108254,25,3,0,767151,18090,1592139,267560
839,2.42638,0.545265,1,0.138585,25,3,0,767151,18090,1592139,267560
840,3.07469,0.86042,1,0.159064,25,3,0,767151,18090,1592139,267560
841,2.17966,0.674431,1,0.137181,25,3,0,767151,18090,1592139,267560
842,1.94081,0.502511,1,0.150848,25,3,0,767151,18090,1592139,267560
843,1.61239,0.459154,1,0.083211,25,3,0,767151,18090,1592139,267560
844,1.60405,0.47759,1,0.072184,25,3,0,767151,18090,1592139,267560
845,1.66399,0.498311,1,0.08344,25,3,0,767151,18090,1592139,267560
846,1.74331,0.539632,1,0.100863,25,3,0,767151,18090,1592139,267560
847,1.71591,0.524498,1,0.097127,25,3,0,767151,18090,1592139,267560
848,1.84547,0.500257,1,0.091164,25,3,0,767151,18090,1592139,267560
849,3.18526,0.643475,1,0.181043,25,3,0,767151,18090,1592139,267560
850,1.68327,0.596778,1,0.101724,25,3,0,767151,18090,1592139,267560
851,1.50924,0.442018,1,0.079575,25,3,0,767151,18090,1592139,267560
852,1.55044,0.499867,1,0.086628,25,3,0,767151,18090,1592139,267560
853,1.74754,0.561317,1,0.106959,25,3,0,767151,18090,1592139,267560
854,1.57722,0.479498,1,0.074256,25,3,0,767151,18090,1592139,267560
855,1.68018,0.614309,1,0.067506,25,3,0,767151,18090,1592139,267560
856,1.92673,0.631509,1,0.134493,25,3,0,767151,18090,1592139,267560
857,1.62561,0.491023,1,0.09017,25,3,0,767151,18090,1592139,267560
858,1.49893,0.482718,1,0.077412,25,3,0,767151,18090,1592139,267560
859,2.6591,0.467408,1,0.097061,25,3,0,767151,18090,1592139,267560
860,1.63028,0.571948,1,0.069749,25,3,0,767151,18090,1592139,267560
861,1.45578,0.458218,1,0.066844,25,3,0,767151,18090,1592139,267560
862,1.56,0.430634,1,0.081905,25,3,0,767151,18090,1592139,267560
863,1.43837,0.411675,1,0.088544,25,3,0,767151,18090,1592139,267560
864,1.49102,0.450316,1,0.09004,25,3,0,767151,18090,1592139,267560
865,1.5783,0.47599,1,0.093082,25,3,0,767151,18090,1592139,267560
866,1.42209,0.461363,1,0.070504,25,3,0,767151,18090,1592139,267560
867,1.69365,0.494491,1,0.078253,25,3,0,767151,18090,1592139,267560
868,1.5427,0.449991,1,0.074796,25,3,0,767151,18090,1592139,267560
869,2.64237,0.454654,1,0.092152,25,3,0,767151,18090,1592139,267560
870,1.5395,0.438861,1,0.091708,25,3,0,767151,18090,1592139,267560
871,1.68612,0.554782,1,0.071716,25,3,0,767151,18090,1592139,267560
872,1.54467,0.435553,1,0.086448,25,3,0,767151,18090,1592139,267560
873,2.02795,0.464724,1,0.102462,25,3,0,767151,18090,1592139,267560
874,1.77975,0.512925,1,0.119048,25,3,0,767151,18090,1592139,267560
875,1.76114,0.495543,1,0.119259,25,3,0,767151,18090,1592139,267560
876,1.89601,0.562664,1,0.09201,25,3,0,767151,18090,1592139,267560
877,1.92481,0.613027,1,0.099954,25,3,0,767151,18090,1592139,267560
878,1.90768,0.526702,1,0.140729,25,3,0,767151,18090,1592139,267560
879,2.95836,0.493776,1,0.081415,25,3,0,767151,18090,1592139,267560
880,1.79613,0.485958,1,0.095923,25,3,0,767151,18090,1592139,267560
881,1.72917,0.453954,1,0.122051,25,3,0,767151,18090,1592139,267560
882,1.4594,0.432163,1,0.072947,25,3,0,767151,18090,1592139,267560
883,1.56477,0.473061,1,0.06892,25,3,0,767151,18090,1592139,267560
884,1.5873,0.422231,1,0.086533,25,3,0,767151,18090,1592139,267560
885,1.53079,0.431508,1,0.084445,25,3,0,767151,18090,1592139,267560
886,1.67973,0.445125,1,0.097681,25,3,0,767151,18090,1592139,267560
887,1.96243,0.629392,1,0.123153,25,3,0,767151,18090,1592139,267560
888,1.69618,0.486709,1,0.089689,25,3,0,767151,18090,1592139,267560
889,3.11622,0.501724,1,0.110739,25,3,0,767151,18090,1592139,267560
890,2.15826,0.656644,1,0.13427,25,3,0,767151,18090,1592139,267560
891,2.06075,0.5592,1,0.110964,25,3,0,767151,18090,1592139,267560
892,1.84476,0.561086,1,0.112042,25,3,0,767151,18090,1592139,267560
893,1.59178,0.465981,1,0.099769,25,3,0,767151,18090,1592139,267560
894,2.01218,0.539424,1,0.111506,25,3,0,767151,18090,1592139,267560
895,2.36204,0.737295,1,0.20767,25,3,0,767151,18090,1592139,267560
896,1.77095,0.542393,1,0.126668,25,3,0,767151,18090,1592139,267560
897,1.95559,0.486212,1,0.111895,25,3,0,767151,18090,1592139,267560
898,1.95476,0.487542,1,0.112064,25,3,0,767151,18090,1592139,267560
899,3.55134,0.730003,1,0.132166,25,3,0,767151,18090,1592139,267560
900,3.13944,0.730025,1,0.175363,25,3,0,767151,18090,1592139,267560
901,2.98783,0.980798,1,0.182083,25,3,0,767151,18090,1592139,267560
902,3.30932,0.988091,1,0.161683,25,3,0,767151,18090,1592139,267560
903,2.28644,0.625904,1,0.177353,25,3,0,767151,18090,1592139,267560
904,2.6294,0.559094,1,0.099197,25,3,0,767151,18090,1592139,267560
905,3.25653,0.920025,1,0.19038,25,3,0,767151,18090,1592139,267560
906,2.92837,1.05907,1,0.204304,25,3,0,767151,18090,1592139,267560
907,2.37413,0.598776,1,0.182941,25,3,0,767151,18090,1592139,267560
908,2.25647,0.677279,1,0.135497,25,3,0,767151,18090,1592139,267560
909,3.43909,0.658311,1,0.145681,25,3,0,767151,18090,1592139,267560
910,2.10914,0.608503,1,0.128821,25,3,0,767151,18090,1592139,267560
911,1.84305,0.538439,1,0.097136,25,3,0,767151,18090,1592139,267560
912,1.83106,0.473634,1,0.121179,25,3,0,767151,18090,1592139,267560
913,1.7656,0.471091,1,0.075463,25,3,0,767151,18090,1592139,267560
914,1.8973,0.536295,1,0.150848,25,3,0,767151,18090,1592139,267560
915,1.7167,0.513225,1,0.110186,25,3,0,767151,18090,1592139,267560
916,1.6626,0.487099,1,0.10508,25,3,0,767151,18090,1592139,267560
917,1.71476,0.479965,1,0.143933,25,3,0,767151,18090,1592139,267560
918,1.90248,0.605905,1,0.07499,25,3,0,767151,18090,1592139,267560
919,3.60139,0.531086,1,0.072834,25,3,0,767151,18090,1592139,267560
