commanded,step,whole_fixed_ms,physics_ms,contacts,impact_events,impact_queries,ccd_iterations,motion_segments
0,0,8.32648,0.215709,32,0,0,0,19
0,1,0.333757,0.174899,32,0,0,0,19
0,2,0.311726,0.144411,32,0,0,0,19
0,3,0.307286,0.136006,32,0,0,0,19
0,4,0.337722,0.156649,32,0,0,0,19
0,5,0.279557,0.129222,32,0,0,0,19
0,6,0.280823,0.125409,32,0,0,0,19
0,7,0.29208,0.126895,32,0,0,0,19
0,8,0.265768,0.114541,32,0,0,0,19
0,9,0.300155,0.13481,32,0,0,0,19
0,10,0.294949,0.127919,32,0,0,0,19
0,11,0.302787,0.144331,32,0,0,0,19
0,12,0.292233,0.134112,32,0,0,0,19
0,13,0.297016,0.136018,32,0,0,0,19
0,14,0.293555,0.132857,32,0,0,0,19
0,15,0.272878,0.12413,32,0,0,0,19
0,16,0.285844,0.130067,32,0,0,0,19
0,17,0.282378,0.128314,32,0,0,0,19
0,18,0.295258,0.138575,32,0,0,0,19
0,19,0.286681,0.133732,32,0,0,0,19
0,20,0.277541,0.123343,32,0,0,0,19
0,21,0.292516,0.129863,32,0,0,0,19
0,22,0.278616,0.125661,32,0,0,0,19
0,23,0.278107,0.124957,32,0,0,0,19
0,24,0.27838,0.123935,32,0,0,0,19
0,25,0.287661,0.133756,32,0,0,0,19
0,26,0.279066,0.127632,32,0,0,0,19
0,27,0.271589,0.115702,32,0,0,0,19
0,28,0.292257,0.128931,32,0,0,0,19
0,29,0.280895,0.124962,32,0,0,0,19
0,30,0.279434,0.127376,32,0,0,0,19
0,31,0.277559,0.126879,32,0,0,0,19
0,32,0.214463,0.106422,32,0,0,0,19
0,33,0.18245,0.075575,32,0,0,0,19
0,34,0.195577,0.072289,32,0,0,0,19
0,35,0.198696,0.083897,32,0,0,0,19
0,36,0.184905,0.076174,32,0,0,0,19
0,37,0.249453,0.124885,32,0,0,0,19
0,38,0.234181,0.077969,32,0,0,0,19
0,39,0.297549,0.129837,32,0,0,0,19
0,40,0.289482,0.122822,32,0,0,0,19
0,41,0.261045,0.124206,32,0,0,0,19
0,42,0.219527,0.102238,32,0,0,0,19
0,43,0.203585,0.07982,32,0,0,0,19
0,44,0.186793,0.079993,32,0,0,0,19
0,45,0.212875,0.086801,32,0,0,0,19
0,46,0.13751,0.012743,0,0,0,0,10
0,47,0.115365,0.011448,0,0,0,0,10
0,48,0.112769,0.009093,0,0,0,0,10
0,49,0.112273,0.008917,0,0,0,0,10
0,50,0.11206,0.008676,0,0,0,0,10
0,51,0.12353,0.008606,0,0,0,0,10
0,52,0.115032,0.008908,0,0,0,0,10
0,53,0.166914,0.008856,0,0,0,0,10
0,54,0.133669,0.015319,0,0,0,0,10
0,55,0.113678,0.010035,0,0,0,0,10
0,56,0.11212,0.008703,0,0,0,0,10
0,57,0.112222,0.008675,0,0,0,0,10
0,58,0.112059,0.008641,0,0,0,0,10
0,59,0.112055,0.0086,0,0,0,0,10
0,60,0.112122,0.008678,0,0,0,0,10
0,61,0.140436,0.00973,0,0,0,0,10
0,62,0.113177,0.009583,0,0,0,0,10
0,63,0.112673,0.009102,0,0,0,0,10
0,64,0.11238,0.00878,0,0,0,0,10
0,65,0.115281,0.011452,0,0,0,0,10
0,66,0.112383,0.008779,0,0,0,0,10
0,67,0.112308,0.008765,0,0,0,0,10
0,68,0.125139,0.008686,0,0,0,0,10
0,69,0.129833,0.009113,0,0,0,0,10
0,70,0.123366,0.009518,0,0,0,0,10
0,71,0.115606,0.009031,0,0,0,0,10
0,72,0.122844,0.008971,0,0,0,0,10
0,73,0.112482,0.008853,0,0,0,0,10
0,74,0.112331,0.008644,0,0,0,0,10
0,75,0.134214,0.008664,0,0,0,0,10
0,76,0.124541,0.008729,0,0,0,0,10
0,77,0.123883,0.009146,0,0,0,0,10
0,78,0.117018,0.010461,0,0,0,0,10
0,79,0.115377,0.008934,0,0,0,0,10
0,80,0.115565,0.009145,0,0,0,0,10
0,81,0.115637,0.009065,0,0,0,0,10
0,82,0.115426,0.008865,0,0,0,0,10
0,83,0.124237,0.008863,0,0,0,0,10
0,84,0.112029,0.008691,0,0,0,0,10
0,85,0.112201,0.008801,0,0,0,0,10
0,86,0.143655,0.018273,0,0,0,0,10
0,87,0.141755,0.011898,0,0,0,0,10
0,88,0.163248,0.015086,0,0,0,0,10
0,89,0.174704,0.016571,0,0,0,0,10
0,90,0.168283,0.015849,0,0,0,0,10
0,91,0.114516,0.010792,0,0,0,0,10
0,92,0.129955,0.00884,0,0,0,0,10
0,93,0.1225,0.009761,0,0,0,0,10
0,94,0.112171,0.008745,0,0,0,0,10
0,95,0.112131,0.008679,0,0,0,0,10
0,96,0.112093,0.00863,0,0,0,0,10
0,97,0.112019,0.008582,0,0,0,0,10
0,98,0.112033,0.008591,0,0,0,0,10
0,99,0.112093,0.0086,0,0,0,0,10
0,100,0.112088,0.008581,0,0,0,0,10
0,101,0.142557,0.008587,0,0,0,0,10
0,102,0.114617,0.010621,0,0,0,0,10
0,103,0.112272,0.00872,0,0,0,0,10
0,104,0.112195,0.008585,0,0,0,0,10
0,105,0.112221,0.008636,0,0,0,0,10
0,106,0.112092,0.008585,0,0,0,0,10
0,107,0.112196,0.00859,0,0,0,0,10
0,108,0.112212,0.008566,0,0,0,0,10
0,109,0.13514,0.008612,0,0,0,0,10
0,110,0.156167,0.022094,0,0,0,0,10
0,111,0.113164,0.009592,0,0,0,0,10
0,112,0.112071,0.008604,0,0,0,0,10
0,113,0.112122,0.008636,0,0,0,0,10
0,114,0.112108,0.008667,0,0,0,0,10
0,115,0.112157,0.008636,0,0,0,0,10
0,116,0.112097,0.008613,0,0,0,0,10
0,117,0.123901,0.008609,0,0,0,0,10
0,118,0.150079,0.008849,0,0,0,0,10
0,119,0.113353,0.009635,0,0,0,0,10
0,120,0.112125,0.008648,0,0,0,0,10
0,121,0.112112,0.008621,0,0,0,0,10
0,122,0.112011,0.008575,0,0,0,0,10
0,123,0.11208,0.008634,0,0,0,0,10
0,124,0.112117,0.008662,0,0,0,0,10
0,125,0.123996,0.008709,0,0,0,0,10
0,126,0.130173,0.00888,0,0,0,0,10
0,127,0.112874,0.009327,0,0,0,0,10
0,128,0.11212,0.008712,0,0,0,0,10
0,129,0.121741,0.008843,0,0,0,0,10
0,130,0.122861,0.009242,0,0,0,0,10
0,131,0.112639,0.009134,0,0,0,0,10
0,132,0.112233,0.008677,0,0,0,0,10
0,133,0.112371,0.008669,0,0,0,0,10
0,134,0.13265,0.009182,0,0,0,0,10
0,135,0.125093,0.010572,0,0,0,0,10
0,136,0.112551,0.008841,0,0,0,0,10
0,137,0.112358,0.008887,0,0,0,0,10
0,138,0.112204,0.008715,0,0,0,0,10
0,139,0.112322,0.008827,0,0,0,0,10
0,140,0.1122,0.008701,0,0,0,0,10
0,141,0.112245,0.00875,0,0,0,0,10
0,142,0.112318,0.008834,0,0,0,0,10
0,143,0.176614,0.008968,0,0,0,0,10
0,144,0.11535,0.011423,0,0,0,0,10
0,145,0.112375,0.008803,0,0,0,0,10
0,146,0.112164,0.00872,0,0,0,0,10
0,147,0.112246,0.00868,0,0,0,0,10
0,148,0.112198,0.008659,0,0,0,0,10
0,149,0.112151,0.008624,0,0,0,0,10
0,150,0.112117,0.00859,0,0,0,0,10
0,151,0.129067,0.008662,0,0,0,0,10
0,152,0.116083,0.009584,0,0,0,0,10
0,153,0.112792,0.008943,0,0,0,0,10
0,154,0.112835,0.008755,0,0,0,0,10
0,155,0.112339,0.008835,0,0,0,0,10
0,156,0.112549,0.008662,0,0,0,0,10
0,157,0.112541,0.008622,0,0,0,0,10
0,158,0.123736,0.008789,0,0,0,0,10
0,159,0.116459,0.009261,0,0,0,0,10
0,160,0.124321,0.009481,0,0,0,0,10
0,161,0.116579,0.010126,0,0,0,0,10
0,162,0.115867,0.009266,0,0,0,0,10
0,163,0.116129,0.009531,0,0,0,0,10
0,164,0.11629,0.009623,0,0,0,0,10
0,165,0.12525,0.009622,0,0,0,0,10
0,166,0.112917,0.009344,0,0,0,0,10
0,167,0.112364,0.008889,0,0,0,0,10
0,168,0.140271,0.008926,0,0,0,0,10
0,169,0.114051,0.010493,0,0,0,0,10
0,170,0.112485,0.008837,0,0,0,0,10
0,171,0.112711,0.009117,0,0,0,0,10
0,172,0.11253,0.008912,0,0,0,0,10
0,173,0.112957,0.009075,0,0,0,0,10
0,174,0.112818,0.00923,0,0,0,0,10
0,175,0.133542,0.009149,0,0,0,0,10
0,176,0.128718,0.008939,0,0,0,0,10
0,177,0.127809,0.010033,0,0,0,0,10
0,178,0.113325,0.009583,0,0,0,0,10
0,179,0.112208,0.008755,0,0,0,0,10
0,180,0.184783,0.052854,8,0,0,0,11
0,181,0.157074,0.044644,8,0,0,0,12
0,182,0.145441,0.037731,8,0,0,0,12
0,183,0.158915,0.033445,8,0,0,0,12
0,184,0.150592,0.042908,8,0,0,0,12
0,185,0.151199,0.033491,8,0,0,0,12
0,186,0.141282,0.031159,8,0,0,0,12
0,187,0.167221,0.038465,8,0,0,0,12
0,188,0.136212,0.028784,8,0,0,0,12
0,189,0.136963,0.029553,8,0,0,0,12
0,190,0.18271,0.028389,8,0,0,0,12
0,191,0.141071,0.033327,8,0,0,0,12
0,192,0.176314,0.047087,8,0,0,0,12
0,193,0.138247,0.03068,8,0,0,0,12
0,194,0.150017,0.028793,8,0,0,0,12
0,195,0.138752,0.031093,8,0,0,0,12
0,196,0.136514,0.028921,8,0,0,0,12
0,197,0.177338,0.066337,8,0,0,0,12
0,198,0.142406,0.032018,8,0,0,0,12
0,199,0.139912,0.029701,8,0,0,0,12
0,200,0.139708,0.02942,8,0,0,0,12
0,201,0.140278,0.03011,8,0,0,0,12
0,202,0.139702,0.029463,8,0,0,0,12
0,203,0.156393,0.029298,8,0,0,0,12
0,204,0.138365,0.030626,8,0,0,0,12
0,205,0.13581,0.028336,8,0,0,0,12
0,206,0.136051,0.028641,8,0,0,0,12
0,207,0.136062,0.028617,8,0,0,0,12
0,208,0.135936,0.028501,8,0,0,0,12
0,209,0.136022,0.02843,8,0,0,0,12
0,210,0.154387,0.028636,8,0,0,0,12
0,211,0.149877,0.041984,8,0,0,0,12
0,212,0.136044,0.028548,8,0,0,0,12
0,213,0.135864,0.028486,8,0,0,0,12
0,214,0.135772,0.028392,8,0,0,0,12
0,215,0.135882,0.028472,8,0,0,0,12
0,216,0.135611,0.028211,8,0,0,0,12
0,217,0.135751,0.028284,8,0,0,0,12
0,218,0.178497,0.057779,8,0,0,0,12
0,219,0.145855,0.038354,8,0,0,0,12
0,220,0.13647,0.028886,8,0,0,0,12
0,221,0.146802,0.029045,8,0,0,0,12
0,222,0.177436,0.031354,8,0,0,0,12
0,223,0.149656,0.031491,8,0,0,0,12
0,224,0.170214,0.029948,8,0,0,0,12
0,225,0.161104,0.042205,8,0,0,0,12
0,226,0.146542,0.029878,8,0,0,0,12
0,227,0.127734,0.009675,0,0,0,0,10
0,228,0.139086,0.01537,0,0,0,0,10
0,229,0.117708,0.010321,0,0,0,0,10
0,230,0.115999,0.008837,0,0,0,0,10
0,231,0.140331,0.008816,0,0,0,0,10
0,232,0.127025,0.010346,0,0,0,0,10
0,233,0.164199,0.008813,0,0,0,0,10
0,234,0.117466,0.010067,0,0,0,0,10
0,235,0.157633,0.011092,0,0,0,0,10
0,236,0.117912,0.010441,0,0,0,0,10
0,237,0.115973,0.008782,0,0,0,0,10
0,238,0.148283,0.011656,0,0,0,0,10
0,239,0.117763,0.010365,0,0,0,0,10
0,240,0.115937,0.008723,0,0,0,0,10
0,241,0.116201,0.008807,0,0,0,0,10
0,242,0.116041,0.00874,0,0,0,0,10
0,243,0.116044,0.008713,0,0,0,0,10
0,244,0.115973,0.008697,0,0,0,0,10
0,245,0.115859,0.008642,0,0,0,0,10
0,246,0.148627,0.008765,0,0,0,0,10
0,247,0.117776,0.010069,0,0,0,0,10
0,248,0.115907,0.008713,0,0,0,0,10
0,249,0.116213,0.008926,0,0,0,0,10
0,250,0.116092,0.008825,0,0,0,0,10
0,251,0.315921,0.008945,0,0,0,0,10
0,252,0.121927,0.013228,0,0,0,0,10
0,253,0.148342,0.009013,0,0,0,0,10
0,254,0.118141,0.010677,0,0,0,0,10
0,255,0.115927,0.008783,0,0,0,0,10
0,256,0.116006,0.008816,0,0,0,0,10
0,257,0.116828,0.009421,0,0,0,0,10
0,258,0.116076,0.008896,0,0,0,0,10
0,259,0.11596,0.008855,0,0,0,0,10
0,260,0.116013,0.008834,0,0,0,0,10
0,261,0.169333,0.008701,0,0,0,0,10
0,262,0.118525,0.011018,0,0,0,0,10
0,263,0.115995,0.008752,0,0,0,0,10
0,264,0.11589,0.008744,0,0,0,0,10
0,265,0.115975,0.008816,0,0,0,0,10
0,266,0.115991,0.008765,0,0,0,0,10
0,267,0.116146,0.008948,0,0,0,0,10
0,268,0.115928,0.00873,0,0,0,0,10
0,269,0.142116,0.008767,0,0,0,0,10
0,270,0.116975,0.009457,0,0,0,0,10
0,271,0.115923,0.008691,0,0,0,0,10
0,272,0.115865,0.008667,0,0,0,0,10
0,273,0.115978,0.008745,0,0,0,0,10
0,274,0.11596,0.008698,0,0,0,0,10
0,275,0.115839,0.008665,0,0,0,0,10
0,276,0.116051,0.00871,0,0,0,0,10
0,277,0.148007,0.008625,0,0,0,0,10
0,278,0.117561,0.009954,0,0,0,0,10
0,279,0.116008,0.008727,0,0,0,0,10
0,280,0.115861,0.008638,0,0,0,0,10
0,281,0.115913,0.00868,0,0,0,0,10
0,282,0.115775,0.008607,0,0,0,0,10
0,283,0.115888,0.008664,0,0,0,0,10
0,284,0.115769,0.008651,0,0,0,0,10
0,285,0.115905,0.008704,0,0,0,0,10
0,286,0.14541,0.008683,0,0,0,0,10
0,287,0.117482,0.010061,0,0,0,0,10
0,288,0.116062,0.008828,0,0,0,0,10
0,289,0.11601,0.008706,0,0,0,0,10
0,290,0.115882,0.008687,0,0,0,0,10
0,291,0.116032,0.008763,0,0,0,0,10
0,292,0.115848,0.008607,0,0,0,0,10
0,293,0.115984,0.008763,0,0,0,0,10
0,294,0.148036,0.008742,0,0,0,0,10
0,295,0.117424,0.010068,0,0,0,0,10
0,296,0.115864,0.00875,0,0,0,0,10
0,297,0.115968,0.00879,0,0,0,0,10
0,298,0.115882,0.008637,0,0,0,0,10
0,299,0.115986,0.008738,0,0,0,0,10
0,300,0.115931,0.008698,0,0,0,0,10
0,301,0.115973,0.008686,0,0,0,0,10
0,302,0.140574,0.008626,0,0,0,0,10
0,303,0.116872,0.009338,0,0,0,0,10
0,304,0.138134,0.008653,0,0,0,0,10
0,305,0.121354,0.010705,0,0,0,0,10
0,306,0.139125,0.008899,0,0,0,0,10
0,307,0.142165,0.01434,0,0,0,0,10
0,308,0.128304,0.009501,0,0,0,0,10
0,309,0.116032,0.008801,0,0,0,0,10
0,310,0.164327,0.0086,0,0,0,0,10
0,311,0.119789,0.012046,0,0,0,0,10
0,312,0.116121,0.008744,0,0,0,0,10
0,313,0.147057,0.008699,0,0,0,0,10
0,314,0.118075,0.010676,0,0,0,0,10
0,315,0.115931,0.00871,0,0,0,0,10
0,316,0.115955,0.008654,0,0,0,0,10
0,317,0.115882,0.008714,0,0,0,0,10
0,318,0.149761,0.031166,0,0,0,0,10
0,319,0.116545,0.009313,0,0,0,0,10
0,320,0.115902,0.008665,0,0,0,0,10
0,321,0.115812,0.008679,0,0,0,0,10
0,322,0.115808,0.008616,0,0,0,0,10
0,323,0.115885,0.008651,0,0,0,0,10
0,324,0.116009,0.00871,0,0,0,0,10
0,325,0.115878,0.008671,0,0,0,0,10
0,326,0.131809,0.008637,0,0,0,0,10
0,327,0.117912,0.010489,0,0,0,0,10
0,328,0.116005,0.008717,0,0,0,0,10
0,329,0.116043,0.008769,0,0,0,0,10
0,330,0.115904,0.00865,0,0,0,0,10
0,331,0.11613,0.008778,0,0,0,0,10
0,332,0.115847,0.008711,0,0,0,0,10
0,333,0.116367,0.008799,0,0,0,0,10
0,334,0.129808,0.008895,0,0,0,0,10
0,335,0.117489,0.010101,0,0,0,0,10
0,336,0.116035,0.008768,0,0,0,0,10
0,337,0.116215,0.009045,0,0,0,0,10
0,338,0.115968,0.008736,0,0,0,0,10
0,339,0.116748,0.008952,0,0,0,0,10
0,340,0.115945,0.008802,0,0,0,0,10
0,341,0.115983,0.008689,0,0,0,0,10
0,342,0.152145,0.008703,0,0,0,0,10
0,343,0.140956,0.015829,0,0,0,0,10
0,344,0.117236,0.00992,0,0,0,0,10
0,345,0.115969,0.008734,0,0,0,0,10
0,346,0.115981,0.008784,0,0,0,0,10
0,347,0.115791,0.008661,0,0,0,0,10
0,348,0.115879,0.008735,0,0,0,0,10
0,349,0.115874,0.008744,0,0,0,0,10
0,350,0.115893,0.008701,0,0,0,0,10
0,351,0.120428,0.008717,0,0,0,0,10
0,352,0.116445,0.009153,0,0,0,0,10
0,353,0.115842,0.008684,0,0,0,0,10
0,354,0.115853,0.008694,0,0,0,0,10
0,355,0.115997,0.008757,0,0,0,0,10
0,356,0.115786,0.00867,0,0,0,0,10
0,357,0.12761,0.008663,0,0,0,0,10
0,358,0.119055,0.008943,0,0,0,0,10
0,359,0.134476,0.008908,0,0,0,0,10
1,0,0.218341,0.110962,32,0,0,0,19
1,1,0.204915,0.097938,32,0,0,0,19
1,2,0.202311,0.088112,32,0,0,0,19
1,3,0.1834,0.079395,32,0,0,0,19
1,4,0.212467,0.108056,32,0,0,0,19
1,5,0.178219,0.074128,32,0,0,0,19
1,6,0.174013,0.07012,32,0,0,0,19
1,7,0.174845,0.070953,32,0,0,0,19
1,8,0.173032,0.069224,32,0,0,0,19
1,9,0.207377,0.070983,32,0,0,0,19
1,10,0.177781,0.073795,32,0,0,0,19
1,11,0.175416,0.071526,32,0,0,0,19
1,12,0.17515,0.071275,32,0,0,0,19
1,13,0.172758,0.06886,32,0,0,0,19
1,14,0.185854,0.079195,32,0,0,0,19
1,15,0.202757,0.098593,32,0,0,0,19
1,16,0.17536,0.071339,32,0,0,0,19
1,17,0.176798,0.072841,32,0,0,0,19
1,18,0.188122,0.071549,32,0,0,0,19
1,19,0.180424,0.073686,32,0,0,0,19
1,20,0.202836,0.071965,32,0,0,0,19
1,21,0.276507,0.126355,32,0,0,0,19
1,22,0.297067,0.141408,32,0,0,0,19
1,23,0.315416,0.144141,32,0,0,0,19
1,24,0.306959,0.153426,32,0,0,0,19
1,25,0.324659,0.148276,32,0,0,0,19
1,26,0.187396,0.082843,32,0,0,0,19
1,27,0.211901,0.072647,32,0,0,0,19
1,28,0.195214,0.076007,32,0,0,0,19
1,29,0.200261,0.092978,32,0,0,0,19
1,30,0.180894,0.074071,32,0,0,0,19
1,31,0.186204,0.082317,32,0,0,0,19
1,32,0.225731,0.075026,32,0,0,0,19
1,33,0.203237,0.075804,32,0,0,0,19
1,34,0.23233,0.101876,32,0,0,0,19
1,35,0.2161,0.110964,32,0,0,0,19
1,36,0.174744,0.070552,32,0,0,0,19
1,37,0.238648,0.078533,32,0,0,0,19
1,38,0.195239,0.075645,32,0,0,0,19
1,39,0.177603,0.073725,32,0,0,0,19
1,40,0.173875,0.070093,32,0,0,0,19
1,41,0.174876,0.071104,32,0,0,0,19
1,42,0.184358,0.07275,32,0,0,0,19
1,43,0.1772,0.073295,32,0,0,0,19
1,44,0.17592,0.072056,32,0,0,0,19
1,45,0.174901,0.071168,32,0,0,0,19
1,46,0.114713,0.011019,0,0,0,0,10
1,47,0.113299,0.009519,0,0,0,0,10
1,48,0.148088,0.008982,0,0,0,0,10
1,49,0.158417,0.022536,0,0,0,0,10
1,50,0.114055,0.010435,0,0,0,0,10
1,51,0.11252,0.00888,0,0,0,0,10
1,52,0.112266,0.008775,0,0,0,0,10
1,53,0.112196,0.008686,0,0,0,0,10
1,54,0.112265,0.008793,0,0,0,0,10
1,55,0.112362,0.008824,0,0,0,0,10
1,56,0.112272,0.008726,0,0,0,0,10
1,57,0.119698,0.008764,0,0,0,0,10
1,58,0.113528,0.009871,0,0,0,0,10
1,59,0.112457,0.008824,0,0,0,0,10
1,60,0.335768,0.190606,32,1,2,2,15
1,61,0.283056,0.139847,32,0,1,1,15
1,62,0.299269,0.152479,32,0,0,0,15
1,63,0.283858,0.144765,32,0,0,0,15
1,64,0.26464,0.129161,32,0,0,0,15
1,65,0.271348,0.130256,32,0,0,0,15
1,66,0.271069,0.134951,32,0,0,0,15
1,67,0.249467,0.120403,32,0,0,0,15
1,68,0.343348,0.134393,32,0,0,0,15
1,69,0.283631,0.151026,32,0,0,0,15
1,70,0.237481,0.115205,32,0,0,0,15
1,71,0.236284,0.113735,32,0,0,0,15
1,72,0.233463,0.111266,32,0,0,0,15
1,73,0.241006,0.118555,32,0,0,0,15
1,74,0.237041,0.115006,32,0,0,0,15
1,75,0.234264,0.11179,32,0,0,0,15
1,76,0.235517,0.113069,32,0,0,0,15
1,77,0.245071,0.110116,32,0,0,0,15
1,78,0.232692,0.110324,32,0,0,0,15
1,79,0.22859,0.106596,32,0,0,0,15
1,80,0.407154,0.283197,32,0,0,0,15
1,81,0.258877,0.135357,32,0,0,0,15
1,82,0.231906,0.109235,32,0,0,0,15
1,83,0.233411,0.111065,32,0,0,0,15
1,84,0.233269,0.111073,32,0,0,0,15
1,85,0.285888,0.162907,32,0,0,0,15
1,86,0.233682,0.111641,32,0,0,0,15
1,87,0.228528,0.106643,32,0,0,0,15
1,88,0.23307,0.111196,32,0,0,0,15
1,89,0.263663,0.140558,32,0,0,0,15
1,90,0.235567,0.11282,32,0,0,0,15
1,91,0.236104,0.113251,32,0,0,0,15
1,92,0.236543,0.113746,32,0,0,0,15
1,93,0.244386,0.119329,32,0,0,0,15
1,94,0.241243,0.118139,32,0,0,0,15
1,95,0.235078,0.112633,32,0,0,0,15
1,96,0.232248,0.10981,32,0,0,0,15
1,97,0.244694,0.110147,32,0,0,0,15
1,98,0.23373,0.11147,32,0,0,0,15
1,99,0.229357,0.107489,32,0,0,0,15
1,100,0.22859,0.106663,32,0,0,0,15
1,101,0.244587,0.110614,32,0,0,0,15
1,102,0.232144,0.110005,32,0,0,0,15
1,103,0.268849,0.107132,32,0,0,0,15
1,104,0.288997,0.128354,32,0,0,0,15
1,105,0.269922,0.111351,32,0,0,0,15
1,106,0.244605,0.121895,32,0,0,0,15
1,107,0.298077,0.145307,32,0,0,0,15
1,108,0.302753,0.122088,32,0,0,0,15
1,109,0.391799,0.215319,32,0,0,0,15
1,110,0.42847,0.228193,32,0,0,0,15
1,111,0.272931,0.130304,32,0,0,0,15
1,112,0.259267,0.116912,32,0,0,0,15
1,113,0.271007,0.147879,32,0,0,0,15
1,114,0.231992,0.10984,32,0,0,0,15
1,115,0.265664,0.106891,32,0,0,0,15
1,116,0.273492,0.149746,32,0,0,0,15
1,117,0.254637,0.13218,32,0,0,0,15
1,118,0.267198,0.144329,32,0,0,0,15
1,119,0.270448,0.147389,32,0,0,0,15
1,120,0.231656,0.109024,32,0,0,0,15
1,121,0.232527,0.109855,32,0,0,0,15
1,122,0.230507,0.108087,32,0,0,0,15
1,123,0.282159,0.159012,32,0,0,0,15
1,124,0.255108,0.122236,32,0,0,0,15
1,125,0.249291,0.127442,32,0,0,0,15
1,126,0.228275,0.106234,32,0,0,0,15
1,127,0.249372,0.125891,32,0,0,0,15
1,128,0.23089,0.108343,32,0,0,0,15
1,129,0.22917,0.106949,32,0,0,0,15
1,130,0.22928,0.107123,32,0,0,0,15
1,131,0.236544,0.10963,32,0,0,0,15
1,132,0.230708,0.108318,32,0,0,0,15
1,133,0.252388,0.118437,32,0,0,0,15
1,134,0.22993,0.107144,32,0,0,0,15
1,135,0.241898,0.10686,32,0,0,0,15
1,136,0.232024,0.109455,32,0,0,0,15
1,137,0.22827,0.105497,32,0,0,0,15
1,138,0.23303,0.110983,32,0,0,0,15
1,139,0.246308,0.109577,32,0,0,0,15
1,140,0.240941,0.118526,32,0,0,0,15
1,141,0.28644,0.110344,32,0,0,0,15
1,142,0.264807,0.114977,32,0,0,0,15
1,143,0.2643,0.110287,32,0,0,0,15
1,144,0.255005,0.132012,32,0,0,0,15
1,145,0.27745,0.143656,32,0,0,0,15
1,146,0.278659,0.116597,32,0,0,0,15
1,147,0.246816,0.123874,32,0,0,0,15
1,148,0.248368,0.108118,32,0,0,0,15
1,149,0.258046,0.131646,32,0,0,0,15
1,150,0.23989,0.113913,32,0,0,0,15
1,151,0.344203,0.166328,32,0,0,0,15
1,152,0.380967,0.192855,32,0,0,0,15
1,153,0.387324,0.198936,32,0,0,0,15
1,154,0.463113,0.199926,32,0,0,0,15
1,155,0.324796,0.200536,32,0,0,0,15
1,156,0.266177,0.112456,32,0,0,0,15
1,157,0.267836,0.124706,32,0,0,0,15
1,158,0.240211,0.114869,32,0,0,0,15
1,159,0.239961,0.11763,32,0,0,0,15
1,160,0.269721,0.146851,32,0,0,0,15
1,161,0.291442,0.127531,32,0,0,0,15
1,162,0.245743,0.112407,32,0,0,0,15
1,163,0.243815,0.110385,32,0,0,0,15
1,164,0.258022,0.13547,32,0,0,0,15
1,165,0.231888,0.109934,32,0,0,0,15
1,166,0.229626,0.10771,32,0,0,0,15
1,167,0.23004,0.108084,32,0,0,0,15
1,168,0.266235,0.115477,32,0,0,0,15
1,169,0.225472,0.106846,32,0,0,0,15
1,170,0.225305,0.106061,32,0,0,0,15
1,171,0.230192,0.110558,32,0,0,0,15
1,172,0.271878,0.108474,32,0,0,0,15
1,173,0.23539,0.113201,32,0,0,0,15
1,174,0.235268,0.112373,32,0,0,0,15
1,175,0.23226,0.109828,32,0,0,0,15
1,176,0.255572,0.119829,32,0,0,0,15
1,177,0.28917,0.122323,32,0,0,0,15
1,178,0.267026,0.144082,32,0,0,0,15
1,179,0.281242,0.112839,32,0,0,0,15
1,180,0.28898,0.149008,32,0,0,0,15
1,181,0.321442,0.124447,32,0,0,0,15
1,182,0.301462,0.130335,32,0,0,0,15
1,183,0.38648,0.171515,32,0,0,0,15
1,184,0.288644,0.156137,32,0,0,0,15
1,185,0.321864,0.178804,32,0,0,0,15
1,186,0.278101,0.126204,32,0,0,0,15
1,187,0.290835,0.157605,32,0,0,0,15
1,188,0.251032,0.117823,32,0,0,0,15
1,189,0.248545,0.115783,32,0,0,0,15
1,190,0.298817,0.142999,32,0,0,0,15
1,191,0.250559,0.117451,32,0,0,0,15
1,192,0.439113,0.113793,32,0,0,0,15
1,193,0.29377,0.159874,32,0,0,0,15
1,194,0.25108,0.117152,32,0,0,0,15
1,195,0.249903,0.115977,32,0,0,0,15
1,196,0.284315,0.113703,32,0,0,0,15
1,197,0.276646,0.141883,32,0,0,0,15
1,198,0.250778,0.116836,32,0,0,0,15
1,199,0.271084,0.114412,32,0,0,0,15
1,200,0.265934,0.117562,32,0,0,0,15
1,201,0.25375,0.119536,32,0,0,0,15
1,202,0.273518,0.138604,32,0,0,0,15
1,203,0.272497,0.118512,32,0,0,0,15
1,204,0.341047,0.178601,32,0,0,0,15
1,205,0.256137,0.121478,32,0,0,0,15
1,206,0.252868,0.118172,32,0,0,0,15
1,207,0.291605,0.123566,32,0,0,0,15
1,208,0.257453,0.122323,32,0,0,0,15
1,209,0.250603,0.116032,32,0,0,0,15
1,210,0.249341,0.114261,32,0,0,0,15
1,211,0.258522,0.116414,32,0,0,0,15
1,212,0.251018,0.115648,32,0,0,0,15
1,213,0.261502,0.126348,32,0,0,0,15
1,214,0.251978,0.116568,32,0,0,0,15
1,215,0.281216,0.11405,32,0,0,0,15
1,216,0.275365,0.128378,32,0,0,0,15
1,217,0.292175,0.113445,32,0,0,0,15
1,218,0.320719,0.125441,32,0,0,0,15
1,219,0.310719,0.132909,32,0,0,0,15
1,220,0.293061,0.116024,32,0,0,0,15
1,221,0.29555,0.118612,32,0,0,0,15
1,222,0.428821,0.172998,32,0,0,0,15
1,223,0.444903,0.185912,32,0,0,0,15
1,224,0.492682,0.227951,32,0,0,0,15
1,225,0.459946,0.196599,32,0,0,0,15
1,226,0.459878,0.189384,32,0,0,0,15
1,227,0.449047,0.1896,32,0,0,0,15
1,228,0.445412,0.178348,32,0,0,0,15
1,229,0.440927,0.182172,32,0,0,0,15
1,230,0.382668,0.181218,32,0,0,0,15
1,231,0.403775,0.19767,32,0,0,0,15
1,232,0.388433,0.180498,32,0,0,0,15
1,233,0.470048,0.208573,32,0,0,0,15
1,234,0.420186,0.213195,32,0,0,0,15
1,235,0.409902,0.194732,32,0,0,0,15
1,236,0.399945,0.193224,32,0,0,0,15
1,237,0.419578,0.206173,32,0,0,0,15
1,238,0.447682,0.229956,32,0,0,0,15
1,239,0.409176,0.202497,32,0,0,0,15
1,240,0.392627,0.185785,32,0,0,0,19
1,241,0.319367,0.139029,32,0,0,0,19
1,242,0.409925,0.1443,32,0,0,0,19
1,243,0.467758,0.220607,32,0,0,0,19
1,244,0.432463,0.18658,32,0,0,0,19
1,245,0.383564,0.14206,32,0,0,0,19
1,246,0.320888,0.140043,32,0,0,0,19
1,247,0.296656,0.122803,32,0,0,0,19
1,248,0.297958,0.110887,32,0,0,0,19
1,249,0.281622,0.108868,32,0,0,0,19
1,250,0.371927,0.136794,32,0,0,0,19
1,251,0.402579,0.144167,32,0,0,0,19
1,252,0.449186,0.196442,32,0,0,0,19
1,253,0.466085,0.207986,32,0,0,0,19
1,254,0.426855,0.176469,32,0,0,0,19
1,255,0.459499,0.187243,32,0,0,0,19
1,256,0.443538,0.195377,32,0,0,0,19
1,257,0.41428,0.166536,32,0,0,0,19
1,258,0.477734,0.22884,32,0,0,0,19
1,259,0.434109,0.177122,32,0,0,0,19
1,260,0.482602,0.213838,32,0,0,0,19
1,261,0.499072,0.200511,32,0,0,0,19
1,262,0.52521,0.227764,32,0,0,0,19
1,263,0.495796,0.210122,32,0,0,0,19
1,264,0.512108,0.236,32,0,0,0,19
1,265,0.478468,0.211176,32,0,0,0,19
1,266,0.472202,0.202368,32,0,0,0,19
1,267,0.457982,0.190462,32,0,0,0,19
1,268,0.467855,0.193943,32,0,0,0,19
1,269,0.438638,0.178679,32,0,0,0,19
1,270,0.459588,0.180668,32,0,0,0,19
1,271,0.432576,0.172814,32,0,0,0,19
1,272,0.473168,0.190218,32,0,0,0,19
1,273,0.457304,0.191119,32,0,0,0,19
1,274,0.481484,0.198587,32,0,0,0,19
1,275,0.460522,0.186045,32,0,0,0,19
1,276,0.456725,0.183826,32,0,0,0,19
1,277,0.479628,0.207259,32,0,0,0,19
1,278,0.465024,0.195363,32,0,0,0,19
1,279,0.475581,0.201586,32,0,0,0,19
1,280,0.452122,0.181926,32,0,0,0,19
1,281,0.462709,0.191997,32,0,0,0,19
1,282,0.457244,0.185958,32,0,0,0,19
1,283,0.461959,0.181865,32,0,0,0,19
1,284,0.458251,0.186066,32,0,0,0,19
1,285,0.494465,0.206806,32,0,0,0,19
1,286,0.450904,0.176183,32,0,0,0,19
1,287,0.498651,0.191449,32,0,0,0,19
1,288,0.464289,0.194253,32,0,0,0,19
1,289,0.408729,0.145308,20,0,0,0,16
1,290,0.290175,0.027919,0,0,0,0,11
1,291,0.28374,0.024104,0,0,0,0,11
1,292,0.282933,0.024334,0,0,0,0,11
1,293,0.291279,0.023255,0,0,0,0,11
1,294,0.277082,0.022169,0,0,0,0,11
1,295,0.505982,0.022056,0,0,0,0,11
1,296,0.284569,0.024665,0,0,0,0,11
1,297,0.292126,0.024544,0,0,0,0,11
1,298,0.292182,0.022645,0,0,0,0,11
1,299,0.294971,0.021665,0,0,0,0,11
1,300,0.295592,0.024544,0,0,0,0,11
1,301,0.293237,0.022022,0,0,0,0,11
1,302,0.394575,0.021455,0,0,0,0,11
1,303,0.484927,0.022881,0,0,0,0,11
1,304,0.490206,0.021774,0,0,0,0,11
1,305,0.487348,0.022907,0,0,0,0,11
1,306,0.497217,0.021942,0,0,0,0,11
1,307,0.490664,0.022784,0,0,0,0,11
1,308,0.497003,0.021758,0,0,0,0,11
1,309,0.490285,0.022553,0,0,0,0,11
1,310,0.482267,0.021709,0,0,0,0,11
1,311,0.483787,0.026015,0,0,0,0,11
1,312,0.495561,0.022625,0,0,0,0,11
1,313,0.485827,0.022168,0,0,0,0,11
1,314,0.493313,0.022405,0,0,0,0,11
1,315,0.477771,0.022893,0,0,0,0,11
1,316,0.492635,0.025677,0,0,0,0,11
1,317,0.500962,0.028234,0,0,0,0,11
1,318,0.501476,0.024716,0,0,0,0,11
1,319,0.496703,0.02628,0,0,0,0,11
1,320,0.507548,0.026595,0,0,0,0,11
1,321,0.5081,0.028336,0,0,0,0,11
1,322,0.502207,0.025761,0,0,0,0,11
1,323,0.493041,0.026607,0,0,0,0,11
1,324,0.51455,0.026442,0,0,0,0,11
1,325,0.501747,0.023339,0,0,0,0,11
1,326,0.516765,0.023044,0,0,0,0,11
1,327,0.473842,0.022959,0,0,0,0,11
1,328,0.51415,0.024785,0,0,0,0,11
1,329,0.476059,0.023313,0,0,0,0,11
1,330,0.514819,0.023253,0,0,0,0,11
1,331,0.499812,0.021472,0,0,0,0,11
1,332,0.517335,0.019555,0,0,0,0,11
1,333,0.501817,0.023077,0,0,0,0,11
1,334,0.597667,0.024025,0,0,0,0,11
1,335,0.500286,0.025594,0,0,0,0,11
1,336,0.5448,0.024653,0,0,0,0,11
1,337,0.504185,0.0265,0,0,0,0,11
1,338,0.507405,0.026409,0,0,0,0,11
1,339,0.509093,0.02834,0,0,0,0,11
1,340,0.525517,0.026075,0,0,0,0,11
1,341,0.500512,0.027796,0,0,0,0,11
1,342,0.531618,0.046311,0,0,0,0,11
1,343,0.541133,0.027325,0,0,0,0,11
1,344,0.57578,0.027249,0,0,0,0,11
1,345,0.527225,0.028754,0,0,0,0,11
1,346,0.556865,0.028227,0,0,0,0,11
1,347,0.522066,0.027655,0,0,0,0,11
1,348,0.518609,0.028086,0,0,0,0,11
1,349,0.530356,0.029864,0,0,0,0,11
1,350,0.541669,0.030278,0,0,0,0,11
1,351,0.536908,0.028956,0,0,0,0,11
1,352,0.524739,0.029163,0,0,0,0,11
1,353,0.552195,0.030323,0,0,0,0,11
1,354,0.539899,0.02908,0,0,0,0,11
1,355,0.524624,0.029252,0,0,0,0,11
1,356,0.53708,0.02867,0,0,0,0,11
1,357,0.516496,0.026963,0,0,0,0,11
1,358,0.631756,0.025456,0,0,0,0,11
1,359,0.749339,0.027977,0,0,0,0,11
